Rung_StartingCapital,ProjectionID,Seed,Months,EngineVersion,ProjectionInGold,Survived,FinalCash,FinalTotal,EvictionCount,Command
5000000,1000,1,240,0.6.0,yes,0,0.00,0.00,0,python app/src/simulation.py --env <db> --projection-id 1000 --seed 1 --months 240
5000000,1000,2,240,0.6.0,yes,1,396602.62,917036.86,0,python app/src/simulation.py --env <db> --projection-id 1000 --seed 2 --months 240
5000000,1000,3,240,0.6.0,yes,0,0.00,0.00,0,python app/src/simulation.py --env <db> --projection-id 1000 --seed 3 --months 240
5000000,1000,4,240,0.6.0,yes,0,0.00,0.00,0,python app/src/simulation.py --env <db> --projection-id 1000 --seed 4 --months 240
5000000,1000,5,240,0.6.0,yes,0,0.00,0.00,0,python app/src/simulation.py --env <db> --projection-id 1000 --seed 5 --months 240
5000000,1000,6,240,0.6.0,yes,1,44345.09,428738.45,0,python app/src/simulation.py --env <db> --projection-id 1000 --seed 6 --months 240
5000000,1000,7,240,0.6.0,yes,1,697316.71,1245678.43,0,python app/src/simulation.py --env <db> --projection-id 1000 --seed 7 --months 240
5000000,1000,8,240,0.6.0,yes,1,1180502.39,1665479.63,0,python app/src/simulation.py --env <db> --projection-id 1000 --seed 8 --months 240
5000000,1000,9,240,0.6.0,yes,1,361560.49,825676.09,0,python app/src/simulation.py --env <db> --projection-id 1000 --seed 9 --months 240
5000000,1000,10,240,0.6.0,yes,1,43098.88,279716.88,0,python app/src/simulation.py --env <db> --projection-id 1000 --seed 10 --months 240
5000000,1000,11,240,0.6.0,yes,1,694931.59,1193544.79,0,python app/src/simulation.py --env <db> --projection-id 1000 --seed 11 --months 240
5000000,1000,12,240,0.6.0,yes,1,305672.03,881167.07,0,python app/src/simulation.py --env <db> --projection-id 1000 --seed 12 --months 240
5000000,1000,13,240,0.6.0,yes,1,694527.45,1182955.29,0,python app/src/simulation.py --env <db> --projection-id 1000 --seed 13 --months 240
5000000,1000,14,240,0.6.0,yes,0,0.00,0.00,0,python app/src/simulation.py --env <db> --projection-id 1000 --seed 14 --months 240
5000000,1000,15,240,0.6.0,yes,0,0.00,0.00,0,python app/src/simulation.py --env <db> --projection-id 1000 --seed 15 --months 240
5000000,1000,16,240,0.6.0,yes,1,601688.71,1125751.03,0,python app/src/simulation.py --env <db> --projection-id 1000 --seed 16 --months 240
5000000,1000,17,240,0.6.0,yes,1,152886.07,441149.63,0,python app/src/simulation.py --env <db> --projection-id 1000 --seed 17 --months 240
5000000,1000,18,240,0.6.0,yes,1,174934.11,663642.27,0,python app/src/simulation.py --env <db> --projection-id 1000 --seed 18 --months 240
5000000,1000,19,240,0.6.0,yes,1,148378.03,623364.27,0,python app/src/simulation.py --env <db> --projection-id 1000 --seed 19 --months 240
5000000,1000,20,240,0.6.0,yes,1,69027.43,427157.27,0,python app/src/simulation.py --env <db> --projection-id 1000 --seed 20 --months 240
5000000,1000,21,240,0.6.0,yes,1,368026.68,890229.12,0,python app/src/simulation.py --env <db> --projection-id 1000 --seed 21 --months 240
5000000,1000,22,240,0.6.0,yes,1,57595.68,476290.28,0,python app/src/simulation.py --env <db> --projection-id 1000 --seed 22 --months 240
5000000,1000,23,240,0.6.0,yes,1,683338.41,1174838.37,0,python app/src/simulation.py --env <db> --projection-id 1000 --seed 23 --months 240
5000000,1000,24,240,0.6.0,yes,1,307540.79,899737.67,0,python app/src/simulation.py --env <db> --projection-id 1000 --seed 24 --months 240
5000000,1000,25,240,0.6.0,yes,1,1706453.22,2350114.02,0,python app/src/simulation.py --env <db> --projection-id 1000 --seed 25 --months 240
5500000,1001,1,240,0.6.0,yes,0,0.00,0.00,0,python app/src/simulation.py --env <db> --projection-id 1001 --seed 1 --months 240
5500000,1001,2,240,0.6.0,yes,1,437928.88,1018884.28,0,python app/src/simulation.py --env <db> --projection-id 1001 --seed 2 --months 240
5500000,1001,3,240,0.6.0,yes,1,43190.63,302976.44,0,python app/src/simulation.py --env <db> --projection-id 1001 --seed 3 --months 240
5500000,1001,4,240,0.6.0,yes,1,36733.11,431176.64,0,python app/src/simulation.py --env <db> --projection-id 1001 --seed 4 --months 240
5500000,1001,5,240,0.6.0,yes,1,34257.48,347155.07,0,python app/src/simulation.py --env <db> --projection-id 1001 --seed 5 --months 240
5500000,1001,6,240,0.6.0,yes,1,39527.41,470043.66,0,python app/src/simulation.py --env <db> --projection-id 1001 --seed 6 --months 240
5500000,1001,7,240,0.6.0,yes,1,967249.83,1515611.55,0,python app/src/simulation.py --env <db> --projection-id 1001 --seed 7 --months 240
5500000,1001,8,240,0.6.0,yes,1,1056333.14,1572819.38,0,python app/src/simulation.py --env <db> --projection-id 1001 --seed 8 --months 240
5500000,1001,9,240,0.6.0,yes,1,600135.24,1102358.04,0,python app/src/simulation.py --env <db> --projection-id 1001 --seed 9 --months 240
5500000,1001,10,240,0.6.0,yes,1,176674.57,708032.41,0,python app/src/simulation.py --env <db> --projection-id 1001 --seed 10 --months 240
5500000,1001,11,240,0.6.0,yes,1,630668.17,1183869.13,0,python app/src/simulation.py --env <db> --projection-id 1001 --seed 11 --months 240
5500000,1001,12,240,0.6.0,yes,1,319667.14,969697.54,0,python app/src/simulation.py --env <db> --projection-id 1001 --seed 12 --months 240
5500000,1001,13,240,0.6.0,yes,1,1161646.65,1729031.37,0,python app/src/simulation.py --env <db> --projection-id 1001 --seed 13 --months 240
5500000,1001,14,240,0.6.0,yes,0,0.00,0.00,0,python app/src/simulation.py --env <db> --projection-id 1001 --seed 14 --months 240
5500000,1001,15,240,0.6.0,yes,0,0.00,0.00,0,python app/src/simulation.py --env <db> --projection-id 1001 --seed 15 --months 240
5500000,1001,16,240,0.6.0,yes,1,270784.46,833236.34,0,python app/src/simulation.py --env <db> --projection-id 1001 --seed 16 --months 240
5500000,1001,17,240,0.6.0,yes,1,98908.44,539981.74,0,python app/src/simulation.py --env <db> --projection-id 1001 --seed 17 --months 240
5500000,1001,18,240,0.6.0,yes,1,796646.09,1319778.77,0,python app/src/simulation.py --env <db> --projection-id 1001 --seed 18 --months 240
5500000,1001,19,240,0.6.0,yes,1,587441.80,1109991.40,0,python app/src/simulation.py --env <db> --projection-id 1001 --seed 19 --months 240
5500000,1001,20,240,0.6.0,yes,1,261898.08,826189.20,0,python app/src/simulation.py --env <db> --projection-id 1001 --seed 20 --months 240
5500000,1001,21,240,0.6.0,yes,1,421239.98,976442.30,0,python app/src/simulation.py --env <db> --projection-id 1001 --seed 21 --months 240
5500000,1001,22,240,0.6.0,yes,1,658094.21,1194019.61,0,python app/src/simulation.py --env <db> --projection-id 1001 --seed 22 --months 240
5500000,1001,23,240,0.6.0,yes,1,629256.80,1212239.60,0,python app/src/simulation.py --env <db> --projection-id 1001 --seed 23 --months 240
5500000,1001,24,240,0.6.0,yes,1,456734.64,1091526.12,0,python app/src/simulation.py --env <db> --projection-id 1001 --seed 24 --months 240
5500000,1001,25,240,0.6.0,yes,1,688672.88,1400588.60,0,python app/src/simulation.py --env <db> --projection-id 1001 --seed 25 --months 240
6000000,1002,1,240,0.6.0,yes,1,108047.09,353677.39,0,python app/src/simulation.py --env <db> --projection-id 1002 --seed 1 --months 240
6000000,1002,2,240,0.6.0,yes,1,1039296.39,1629707.67,0,python app/src/simulation.py --env <db> --projection-id 1002 --seed 2 --months 240
6000000,1002,3,240,0.6.0,yes,1,43190.63,525208.12,0,python app/src/simulation.py --env <db> --projection-id 1002 --seed 3 --months 240
6000000,1002,4,240,0.6.0,yes,1,246400.01,858619.37,0,python app/src/simulation.py --env <db> --projection-id 1002 --seed 4 --months 240
6000000,1002,5,240,0.6.0,yes,1,228918.05,726201.65,0,python app/src/simulation.py --env <db> --projection-id 1002 --seed 5 --months 240
6000000,1002,6,240,0.6.0,yes,1,552421.94,1107816.62,0,python app/src/simulation.py --env <db> --projection-id 1002 --seed 6 --months 240
6000000,1002,7,240,0.6.0,yes,1,834536.68,1460795.92,0,python app/src/simulation.py --env <db> --projection-id 1002 --seed 7 --months 240
6000000,1002,8,240,0.6.0,yes,1,873339.61,1452843.85,0,python app/src/simulation.py --env <db> --projection-id 1002 --seed 8 --months 240
6000000,1002,9,240,0.6.0,yes,1,1027827.69,1559596.89,0,python app/src/simulation.py --env <db> --projection-id 1002 --seed 9 --months 240
6000000,1002,10,240,0.6.0,yes,1,888689.28,1458787.68,0,python app/src/simulation.py --env <db> --projection-id 1002 --seed 10 --months 240
6000000,1002,11,240,0.6.0,yes,1,904686.98,1478407.70,0,python app/src/simulation.py --env <db> --projection-id 1002 --seed 11 --months 240
6000000,1002,12,240,0.6.0,yes,1,668721.58,1357403.14,0,python app/src/simulation.py --env <db> --projection-id 1002 --seed 12 --months 240
6000000,1002,13,240,0.6.0,yes,1,1492466.38,2052004.06,0,python app/src/simulation.py --env <db> --projection-id 1002 --seed 13 --months 240
6000000,1002,14,240,0.6.0,yes,0,0.00,0.00,0,python app/src/simulation.py --env <db> --projection-id 1002 --seed 14 --months 240
6000000,1002,15,240,0.6.0,yes,0,0.00,0.00,0,python app/src/simulation.py --env <db> --projection-id 1002 --seed 15 --months 240
6000000,1002,16,240,0.6.0,yes,1,781527.37,1394669.77,0,python app/src/simulation.py --env <db> --projection-id 1002 --seed 16 --months 240
6000000,1002,17,240,0.6.0,yes,1,292160.98,868881.70,0,python app/src/simulation.py --env <db> --projection-id 1002 --seed 17 --months 240
6000000,1002,18,240,0.6.0,yes,1,900237.72,1452455.28,0,python app/src/simulation.py --env <db> --projection-id 1002 --seed 18 --months 240
6000000,1002,19,240,0.6.0,yes,1,331539.28,947676.40,0,python app/src/simulation.py --env <db> --projection-id 1002 --seed 19 --months 240
6000000,1002,20,240,0.6.0,yes,1,768797.79,1388446.95,0,python app/src/simulation.py --env <db> --projection-id 1002 --seed 20 --months 240
6000000,1002,21,240,0.6.0,yes,1,927102.01,1515304.33,0,python app/src/simulation.py --env <db> --projection-id 1002 --seed 21 --months 240
6000000,1002,22,240,0.6.0,yes,1,460186.06,1009048.30,0,python app/src/simulation.py --env <db> --projection-id 1002 --seed 22 --months 240
6000000,1002,23,240,0.6.0,yes,1,1018585.59,1645846.48,0,python app/src/simulation.py --env <db> --projection-id 1002 --seed 23 --months 240
6000000,1002,24,240,0.6.0,yes,1,854655.14,1607988.26,0,python app/src/simulation.py --env <db> --projection-id 1002 --seed 24 --months 240
6000000,1002,25,240,0.6.0,yes,1,1015043.00,1823376.63,0,python app/src/simulation.py --env <db> --projection-id 1002 --seed 25 --months 240
6500000,1003,1,240,0.6.0,yes,1,84602.98,541840.09,0,python app/src/simulation.py --env <db> --projection-id 1003 --seed 1 --months 240
6500000,1003,2,240,0.6.0,yes,1,562584.58,1184931.71,0,python app/src/simulation.py --env <db> --projection-id 1003 --seed 2 --months 240
6500000,1003,3,240,0.6.0,yes,1,43018.42,456127.63,0,python app/src/simulation.py --env <db> --projection-id 1003 --seed 3 --months 240
6500000,1003,4,240,0.6.0,yes,1,258539.54,904815.50,0,python app/src/simulation.py --env <db> --projection-id 1003 --seed 4 --months 240
6500000,1003,5,240,0.6.0,yes,1,475483.74,1002736.38,0,python app/src/simulation.py --env <db> --projection-id 1003 --seed 5 --months 240
6500000,1003,6,240,0.6.0,yes,1,639409.69,1233925.21,0,python app/src/simulation.py --env <db> --projection-id 1003 --seed 6 --months 240
6500000,1003,7,240,0.6.0,yes,1,1291987.86,1933955.58,0,python app/src/simulation.py --env <db> --projection-id 1003 --seed 7 --months 240
6500000,1003,8,240,0.6.0,yes,1,669329.19,1279002.59,0,python app/src/simulation.py --env <db> --projection-id 1003 --seed 8 --months 240
6500000,1003,9,240,0.6.0,yes,1,818743.91,1379917.31,0,python app/src/simulation.py --env <db> --projection-id 1003 --seed 9 --months 240
6500000,1003,10,240,0.6.0,yes,1,468149.94,1119924.66,0,python app/src/simulation.py --env <db> --projection-id 1003 --seed 10 --months 240
6500000,1003,11,240,0.6.0,yes,1,1175575.88,1780145.01,0,python app/src/simulation.py --env <db> --projection-id 1003 --seed 11 --months 240
6500000,1003,12,240,0.6.0,yes,1,353144.66,1058154.14,0,python app/src/simulation.py --env <db> --projection-id 1003 --seed 12 --months 240
6500000,1003,13,240,0.6.0,yes,1,1562635.57,2137367.91,0,python app/src/simulation.py --env <db> --projection-id 1003 --seed 13 --months 240
6500000,1003,14,240,0.6.0,yes,1,53253.88,433767.49,0,python app/src/simulation.py --env <db> --projection-id 1003 --seed 14 --months 240
6500000,1003,15,240,0.6.0,yes,1,43309.68,466721.79,0,python app/src/simulation.py --env <db> --projection-id 1003 --seed 15 --months 240
6500000,1003,16,240,0.6.0,yes,1,944618.10,1634700.78,0,python app/src/simulation.py --env <db> --projection-id 1003 --seed 16 --months 240
6500000,1003,17,240,0.6.0,yes,1,890883.59,1502588.03,0,python app/src/simulation.py --env <db> --projection-id 1003 --seed 17 --months 240
6500000,1003,18,240,0.6.0,yes,1,1258329.90,1874056.74,0,python app/src/simulation.py --env <db> --projection-id 1003 --seed 18 --months 240
6500000,1003,19,240,0.6.0,yes,1,488841.11,1118156.63,0,python app/src/simulation.py --env <db> --projection-id 1003 --seed 19 --months 240
6500000,1003,20,240,0.6.0,yes,1,960086.39,1618653.23,0,python app/src/simulation.py --env <db> --projection-id 1003 --seed 20 --months 240
6500000,1003,21,240,0.6.0,yes,1,814613.97,1484101.94,0,python app/src/simulation.py --env <db> --projection-id 1003 --seed 21 --months 240
6500000,1003,22,240,0.6.0,yes,1,614434.41,1224543.81,0,python app/src/simulation.py --env <db> --projection-id 1003 --seed 22 --months 240
6500000,1003,23,240,0.6.0,yes,1,511503.86,1143017.63,0,python app/src/simulation.py --env <db> --projection-id 1003 --seed 23 --months 240
6500000,1003,24,240,0.6.0,yes,1,818646.26,1587568.60,0,python app/src/simulation.py --env <db> --projection-id 1003 --seed 24 --months 240
6500000,1003,25,240,0.6.0,yes,1,1793650.24,2581109.60,0,python app/src/simulation.py --env <db> --projection-id 1003 --seed 25 --months 240
7000000,1004,1,240,0.6.0,yes,1,634974.50,1231396.94,0,python app/src/simulation.py --env <db> --projection-id 1004 --seed 1 --months 240
7000000,1004,2,240,0.6.0,yes,1,817949.94,1455945.11,0,python app/src/simulation.py --env <db> --projection-id 1004 --seed 2 --months 240
7000000,1004,3,240,0.6.0,yes,1,116281.70,698051.54,0,python app/src/simulation.py --env <db> --projection-id 1004 --seed 3 --months 240
7000000,1004,4,240,0.6.0,yes,1,456652.80,1120761.20,0,python app/src/simulation.py --env <db> --projection-id 1004 --seed 4 --months 240
7000000,1004,5,240,0.6.0,yes,1,591334.37,1137196.76,0,python app/src/simulation.py --env <db> --projection-id 1004 --seed 5 --months 240
7000000,1004,6,240,0.6.0,yes,1,811629.79,1421354.39,0,python app/src/simulation.py --env <db> --projection-id 1004 --seed 6 --months 240
7000000,1004,7,240,0.6.0,yes,1,1462652.73,2104620.45,0,python app/src/simulation.py --env <db> --projection-id 1004 --seed 7 --months 240
7000000,1004,8,240,0.6.0,yes,1,1728876.40,2359788.07,0,python app/src/simulation.py --env <db> --projection-id 1004 --seed 8 --months 240
7000000,1004,9,240,0.6.0,yes,1,1259129.16,1863344.87,0,python app/src/simulation.py --env <db> --projection-id 1004 --seed 9 --months 240
7000000,1004,10,240,0.6.0,yes,1,606449.98,1224113.28,0,python app/src/simulation.py --env <db> --projection-id 1004 --seed 10 --months 240
7000000,1004,11,240,0.6.0,yes,1,915857.46,1534396.72,0,python app/src/simulation.py --env <db> --projection-id 1004 --seed 11 --months 240
7000000,1004,12,240,0.6.0,yes,1,1006795.55,1750456.19,0,python app/src/simulation.py --env <db> --projection-id 1004 --seed 12 --months 240
7000000,1004,13,240,0.6.0,yes,1,879316.89,1506108.96,0,python app/src/simulation.py --env <db> --projection-id 1004 --seed 13 --months 240
7000000,1004,14,240,0.6.0,yes,1,53498.44,590608.16,0,python app/src/simulation.py --env <db> --projection-id 1004 --seed 14 --months 240
7000000,1004,15,240,0.6.0,yes,1,146375.90,781207.51,0,python app/src/simulation.py --env <db> --projection-id 1004 --seed 15 --months 240
7000000,1004,16,240,0.6.0,yes,1,1272938.86,1980262.73,0,python app/src/simulation.py --env <db> --projection-id 1004 --seed 16 --months 240
7000000,1004,17,240,0.6.0,yes,1,1095153.54,1728847.08,0,python app/src/simulation.py --env <db> --projection-id 1004 --seed 17 --months 240
7000000,1004,18,240,0.6.0,yes,1,435658.96,1100352.88,0,python app/src/simulation.py --env <db> --projection-id 1004 --seed 18 --months 240
7000000,1004,19,240,0.6.0,yes,1,714087.60,1410633.85,0,python app/src/simulation.py --env <db> --projection-id 1004 --seed 19 --months 240
7000000,1004,20,240,0.6.0,yes,1,559240.10,1256724.98,0,python app/src/simulation.py --env <db> --projection-id 1004 --seed 20 --months 240
7000000,1004,21,240,0.6.0,yes,1,450489.89,1133386.90,0,python app/src/simulation.py --env <db> --projection-id 1004 --seed 21 --months 240
7000000,1004,22,240,0.6.0,yes,1,561037.95,1177343.04,0,python app/src/simulation.py --env <db> --projection-id 1004 --seed 22 --months 240
7000000,1004,23,240,0.6.0,yes,1,395501.56,1047339.36,0,python app/src/simulation.py --env <db> --projection-id 1004 --seed 23 --months 240
7000000,1004,24,240,0.6.0,yes,1,750331.98,1536291.04,0,python app/src/simulation.py --env <db> --projection-id 1004 --seed 24 --months 240
7000000,1004,25,240,0.6.0,yes,1,1765656.24,2592879.18,0,python app/src/simulation.py --env <db> --projection-id 1004 --seed 25 --months 240
7500000,1005,1,240,0.6.0,yes,1,419337.33,1053126.45,0,python app/src/simulation.py --env <db> --projection-id 1005 --seed 1 --months 240
7500000,1005,2,240,0.6.0,yes,1,1377709.76,2032187.47,0,python app/src/simulation.py --env <db> --projection-id 1005 --seed 2 --months 240
7500000,1005,3,240,0.6.0,yes,1,557854.47,1186500.34,0,python app/src/simulation.py --env <db> --projection-id 1005 --seed 3 --months 240
7500000,1005,4,240,0.6.0,yes,1,589720.18,1225793.64,0,python app/src/simulation.py --env <db> --projection-id 1005 --seed 4 --months 240
7500000,1005,5,240,0.6.0,yes,1,1089214.84,1691482.16,0,python app/src/simulation.py --env <db> --projection-id 1005 --seed 5 --months 240
7500000,1005,6,240,0.6.0,yes,1,619356.76,1242248.23,0,python app/src/simulation.py --env <db> --projection-id 1005 --seed 6 --months 240
7500000,1005,7,240,0.6.0,yes,1,960271.65,1657487.55,0,python app/src/simulation.py --env <db> --projection-id 1005 --seed 7 --months 240
7500000,1005,8,240,0.6.0,yes,1,1428630.75,2071224.83,0,python app/src/simulation.py --env <db> --projection-id 1005 --seed 8 --months 240
7500000,1005,9,240,0.6.0,yes,1,938441.73,1514318.73,0,python app/src/simulation.py --env <db> --projection-id 1005 --seed 9 --months 240
7500000,1005,10,240,0.6.0,yes,1,1342071.74,1959735.04,0,python app/src/simulation.py --env <db> --projection-id 1005 --seed 10 --months 240
7500000,1005,11,240,0.6.0,yes,1,872449.16,1521267.13,0,python app/src/simulation.py --env <db> --projection-id 1005 --seed 11 --months 240
7500000,1005,12,240,0.6.0,yes,1,718881.39,1512419.65,1,python app/src/simulation.py --env <db> --projection-id 1005 --seed 12 --months 240
7500000,1005,13,240,0.6.0,yes,1,1264420.02,1901095.20,0,python app/src/simulation.py --env <db> --projection-id 1005 --seed 13 --months 240
7500000,1005,14,240,0.6.0,yes,1,57951.18,625413.86,0,python app/src/simulation.py --env <db> --projection-id 1005 --seed 14 --months 240
7500000,1005,15,240,0.6.0,yes,1,268593.72,925122.48,0,python app/src/simulation.py --env <db> --projection-id 1005 --seed 15 --months 240
7500000,1005,16,240,0.6.0,yes,1,472809.12,1200809.61,0,python app/src/simulation.py --env <db> --projection-id 1005 --seed 16 --months 240
7500000,1005,17,240,0.6.0,yes,1,1132203.60,1765897.14,0,python app/src/simulation.py --env <db> --projection-id 1005 --seed 17 --months 240
7500000,1005,18,240,0.6.0,yes,1,1122249.92,1804163.90,0,python app/src/simulation.py --env <db> --projection-id 1005 --seed 18 --months 240
7500000,1005,19,240,0.6.0,yes,1,547709.86,1209557.28,0,python app/src/simulation.py --env <db> --projection-id 1005 --seed 19 --months 240
7500000,1005,20,240,0.6.0,yes,1,1485698.43,2206449.05,0,python app/src/simulation.py --env <db> --projection-id 1005 --seed 20 --months 240
7500000,1005,21,240,0.6.0,yes,1,1020144.24,1719960.56,0,python app/src/simulation.py --env <db> --projection-id 1005 --seed 21 --months 240
7500000,1005,22,240,0.6.0,yes,1,708025.06,1352785.02,0,python app/src/simulation.py --env <db> --projection-id 1005 --seed 22 --months 240
7500000,1005,23,240,0.6.0,yes,1,1112684.10,1775552.86,0,python app/src/simulation.py --env <db> --projection-id 1005 --seed 23 --months 240
7500000,1005,24,240,0.6.0,yes,1,902215.56,1725114.95,0,python app/src/simulation.py --env <db> --projection-id 1005 --seed 24 --months 240
7500000,1005,25,240,0.6.0,yes,1,842337.62,1676456.39,0,python app/src/simulation.py --env <db> --projection-id 1005 --seed 25 --months 240
8000000,1006,1,240,0.6.0,yes,1,819877.97,1453667.09,0,python app/src/simulation.py --env <db> --projection-id 1006 --seed 1 --months 240
8000000,1006,2,240,0.6.0,yes,1,1296116.96,1975286.17,0,python app/src/simulation.py --env <db> --projection-id 1006 --seed 2 --months 240
8000000,1006,3,240,0.6.0,yes,1,516928.40,1157635.23,0,python app/src/simulation.py --env <db> --projection-id 1006 --seed 3 --months 240
8000000,1006,4,240,0.6.0,yes,1,327754.36,1026981.53,0,python app/src/simulation.py --env <db> --projection-id 1006 --seed 4 --months 240
8000000,1006,5,240,0.6.0,yes,1,864841.33,1477250.48,0,python app/src/simulation.py --env <db> --projection-id 1006 --seed 5 --months 240
8000000,1006,6,240,0.6.0,yes,1,884191.66,1572491.46,0,python app/src/simulation.py --env <db> --projection-id 1006 --seed 6 --months 240
8000000,1006,7,240,0.6.0,yes,1,714002.40,1411218.30,0,python app/src/simulation.py --env <db> --projection-id 1006 --seed 7 --months 240
8000000,1006,8,240,0.6.0,yes,1,1272398.07,2013003.24,0,python app/src/simulation.py --env <db> --projection-id 1006 --seed 8 --months 240
8000000,1006,9,240,0.6.0,yes,1,510063.64,1096107.86,0,python app/src/simulation.py --env <db> --projection-id 1006 --seed 9 --months 240
8000000,1006,10,240,0.6.0,yes,1,1442505.42,2086611.05,0,python app/src/simulation.py --env <db> --projection-id 1006 --seed 10 --months 240
8000000,1006,11,240,0.6.0,yes,1,900564.46,1571572.63,0,python app/src/simulation.py --env <db> --projection-id 1006 --seed 11 --months 240
8000000,1006,12,240,0.6.0,yes,1,472514.90,1274958.31,0,python app/src/simulation.py --env <db> --projection-id 1006 --seed 12 --months 240
8000000,1006,13,240,0.6.0,yes,1,845833.79,1567384.17,0,python app/src/simulation.py --env <db> --projection-id 1006 --seed 13 --months 240
8000000,1006,14,240,0.6.0,yes,1,379780.01,1111837.74,0,python app/src/simulation.py --env <db> --projection-id 1006 --seed 14 --months 240
8000000,1006,15,240,0.6.0,yes,1,426157.54,1132230.38,0,python app/src/simulation.py --env <db> --projection-id 1006 --seed 15 --months 240
8000000,1006,16,240,0.6.0,yes,1,706917.38,1434917.87,0,python app/src/simulation.py --env <db> --projection-id 1006 --seed 16 --months 240
8000000,1006,17,240,0.6.0,yes,1,1218505.00,1864832.58,0,python app/src/simulation.py --env <db> --projection-id 1006 --seed 17 --months 240
8000000,1006,18,240,0.6.0,yes,1,786050.25,1477520.18,0,python app/src/simulation.py --env <db> --projection-id 1006 --seed 18 --months 240
8000000,1006,19,240,0.6.0,yes,1,818002.99,1524311.66,0,python app/src/simulation.py --env <db> --projection-id 1006 --seed 19 --months 240
8000000,1006,20,240,0.6.0,yes,1,1299909.29,2049070.56,0,python app/src/simulation.py --env <db> --projection-id 1006 --seed 20 --months 240
8000000,1006,21,240,0.6.0,yes,1,672318.65,1384707.46,0,python app/src/simulation.py --env <db> --projection-id 1006 --seed 21 --months 240
8000000,1006,22,240,0.6.0,yes,1,982209.23,1625191.31,0,python app/src/simulation.py --env <db> --projection-id 1006 --seed 22 --months 240
8000000,1006,23,240,0.6.0,yes,1,1065692.23,1795872.92,0,python app/src/simulation.py --env <db> --projection-id 1006 --seed 23 --months 240
8000000,1006,24,240,0.6.0,yes,1,1405426.04,2209469.32,0,python app/src/simulation.py --env <db> --projection-id 1006 --seed 24 --months 240
8000000,1006,25,240,0.6.0,yes,1,936102.81,1837834.17,0,python app/src/simulation.py --env <db> --projection-id 1006 --seed 25 --months 240
9000000,1007,1,240,0.6.0,yes,1,687293.87,1430550.97,0,python app/src/simulation.py --env <db> --projection-id 1007 --seed 1 --months 240
9000000,1007,2,240,0.6.0,yes,1,763371.27,1526343.09,0,python app/src/simulation.py --env <db> --projection-id 1007 --seed 2 --months 240
9000000,1007,3,240,0.6.0,yes,1,537459.28,1257922.72,0,python app/src/simulation.py --env <db> --projection-id 1007 --seed 3 --months 240
9000000,1007,4,240,0.6.0,yes,1,705600.86,1507494.10,0,python app/src/simulation.py --env <db> --projection-id 1007 --seed 4 --months 240
9000000,1007,5,240,0.6.0,yes,1,905863.82,1508479.54,0,python app/src/simulation.py --env <db> --projection-id 1007 --seed 5 --months 240
9000000,1007,6,240,0.6.0,yes,1,1001787.68,1725498.49,0,python app/src/simulation.py --env <db> --projection-id 1007 --seed 6 --months 240
9000000,1007,7,240,0.6.0,yes,1,536989.86,1320426.63,0,python app/src/simulation.py --env <db> --projection-id 1007 --seed 7 --months 240
9000000,1007,8,240,0.6.0,yes,1,1368277.43,2099110.28,0,python app/src/simulation.py --env <db> --projection-id 1007 --seed 8 --months 240
9000000,1007,9,240,0.6.0,yes,1,1268955.95,1914122.04,0,python app/src/simulation.py --env <db> --projection-id 1007 --seed 9 --months 240
9000000,1007,10,240,0.6.0,yes,1,1115827.05,1842517.41,0,python app/src/simulation.py --env <db> --projection-id 1007 --seed 10 --months 240
9000000,1007,11,240,0.6.0,yes,1,720677.50,1468421.28,0,python app/src/simulation.py --env <db> --projection-id 1007 --seed 11 --months 240
9000000,1007,12,240,0.6.0,yes,1,413674.67,1255337.43,0,python app/src/simulation.py --env <db> --projection-id 1007 --seed 12 --months 240
9000000,1007,13,240,0.6.0,yes,1,1746006.60,2487953.57,0,python app/src/simulation.py --env <db> --projection-id 1007 --seed 13 --months 240
9000000,1007,14,240,0.6.0,yes,1,559847.14,1304853.04,0,python app/src/simulation.py --env <db> --projection-id 1007 --seed 14 --months 240
9000000,1007,15,240,0.6.0,yes,1,340030.91,1143009.45,0,python app/src/simulation.py --env <db> --projection-id 1007 --seed 15 --months 240
9000000,1007,16,240,0.6.0,yes,1,387659.95,1191597.42,0,python app/src/simulation.py --env <db> --projection-id 1007 --seed 16 --months 240
9000000,1007,17,240,0.6.0,yes,1,960170.57,1697583.12,0,python app/src/simulation.py --env <db> --projection-id 1007 --seed 17 --months 240
9000000,1007,18,240,0.6.0,yes,1,603028.91,1332505.22,0,python app/src/simulation.py --env <db> --projection-id 1007 --seed 18 --months 240
9000000,1007,19,240,0.6.0,yes,1,521246.31,1323004.53,0,python app/src/simulation.py --env <db> --projection-id 1007 --seed 19 --months 240
9000000,1007,20,240,0.6.0,yes,1,1659553.55,2423443.74,1,python app/src/simulation.py --env <db> --projection-id 1007 --seed 20 --months 240
9000000,1007,21,240,0.6.0,yes,1,1353517.53,2152483.60,0,python app/src/simulation.py --env <db> --projection-id 1007 --seed 21 --months 240
9000000,1007,22,240,0.6.0,yes,1,370699.89,1078664.61,0,python app/src/simulation.py --env <db> --projection-id 1007 --seed 22 --months 240
9000000,1007,23,240,0.6.0,yes,1,934908.62,1679340.40,0,python app/src/simulation.py --env <db> --projection-id 1007 --seed 23 --months 240
9000000,1007,24,240,0.6.0,yes,1,1352329.17,2209387.84,0,python app/src/simulation.py --env <db> --projection-id 1007 --seed 24 --months 240
9000000,1007,25,240,0.6.0,yes,1,981565.08,1923123.45,0,python app/src/simulation.py --env <db> --projection-id 1007 --seed 25 --months 240
10000000,1008,1,240,0.6.0,yes,1,930599.77,1713321.85,0,python app/src/simulation.py --env <db> --projection-id 1008 --seed 1 --months 240
10000000,1008,2,240,0.6.0,yes,1,547761.39,1353070.06,0,python app/src/simulation.py --env <db> --projection-id 1008 --seed 2 --months 240
10000000,1008,3,240,0.6.0,yes,1,493812.89,1291268.84,0,python app/src/simulation.py --env <db> --projection-id 1008 --seed 3 --months 240
10000000,1008,4,240,0.6.0,yes,1,418853.83,1249103.69,0,python app/src/simulation.py --env <db> --projection-id 1008 --seed 4 --months 240
10000000,1008,5,240,0.6.0,yes,1,985843.39,1686515.97,0,python app/src/simulation.py --env <db> --projection-id 1008 --seed 5 --months 240
10000000,1008,6,240,0.6.0,yes,1,771317.59,1521637.50,0,python app/src/simulation.py --env <db> --projection-id 1008 --seed 6 --months 240
10000000,1008,7,240,0.6.0,yes,1,760141.79,1601128.77,0,python app/src/simulation.py --env <db> --projection-id 1008 --seed 7 --months 240
10000000,1008,8,240,0.6.0,yes,1,1169454.00,1955233.21,0,python app/src/simulation.py --env <db> --projection-id 1008 --seed 8 --months 240
10000000,1008,9,240,0.6.0,yes,1,1383980.17,2012843.02,0,python app/src/simulation.py --env <db> --projection-id 1008 --seed 9 --months 240
10000000,1008,10,240,0.6.0,yes,1,1450498.10,2227655.87,0,python app/src/simulation.py --env <db> --projection-id 1008 --seed 10 --months 240
10000000,1008,11,240,0.6.0,yes,1,1009685.13,1756865.60,0,python app/src/simulation.py --env <db> --projection-id 1008 --seed 11 --months 240
10000000,1008,12,240,0.6.0,yes,1,526137.70,1470114.35,0,python app/src/simulation.py --env <db> --projection-id 1008 --seed 12 --months 240
10000000,1008,13,240,0.6.0,yes,1,1056412.39,1843437.28,0,python app/src/simulation.py --env <db> --projection-id 1008 --seed 13 --months 240
10000000,1008,14,240,0.6.0,yes,1,484850.80,1359543.71,0,python app/src/simulation.py --env <db> --projection-id 1008 --seed 14 --months 240
10000000,1008,15,240,0.6.0,yes,1,524166.08,1397856.01,0,python app/src/simulation.py --env <db> --projection-id 1008 --seed 15 --months 240
10000000,1008,16,240,0.6.0,yes,1,677624.90,1521528.26,0,python app/src/simulation.py --env <db> --projection-id 1008 --seed 16 --months 240
10000000,1008,17,240,0.6.0,yes,1,1082178.37,1849998.86,0,python app/src/simulation.py --env <db> --projection-id 1008 --seed 17 --months 240
10000000,1008,18,240,0.6.0,yes,1,488857.48,1314047.84,0,python app/src/simulation.py --env <db> --projection-id 1008 --seed 18 --months 240
10000000,1008,19,240,0.6.0,yes,1,786286.30,1601886.66,0,python app/src/simulation.py --env <db> --projection-id 1008 --seed 19 --months 240
10000000,1008,20,240,0.6.0,yes,1,1849955.19,2722231.20,0,python app/src/simulation.py --env <db> --projection-id 1008 --seed 20 --months 240
10000000,1008,21,240,0.6.0,yes,1,671898.03,1519726.07,0,python app/src/simulation.py --env <db> --projection-id 1008 --seed 21 --months 240
10000000,1008,22,240,0.6.0,yes,1,766093.40,1501239.67,0,python app/src/simulation.py --env <db> --projection-id 1008 --seed 22 --months 240
10000000,1008,23,240,0.6.0,yes,1,1179816.05,2012559.03,0,python app/src/simulation.py --env <db> --projection-id 1008 --seed 23 --months 240
10000000,1008,24,240,0.6.0,yes,1,1523055.97,2417820.55,0,python app/src/simulation.py --env <db> --projection-id 1008 --seed 24 --months 240
10000000,1008,25,240,0.6.0,yes,1,1101893.43,2183432.19,0,python app/src/simulation.py --env <db> --projection-id 1008 --seed 25 --months 240
11000000,1009,1,240,0.6.0,yes,1,494023.86,1336207.71,0,python app/src/simulation.py --env <db> --projection-id 1009 --seed 1 --months 240
11000000,1009,2,240,0.6.0,yes,1,930121.16,1738703.77,0,python app/src/simulation.py --env <db> --projection-id 1009 --seed 2 --months 240
11000000,1009,3,240,0.6.0,yes,1,798351.48,1616785.52,0,python app/src/simulation.py --env <db> --projection-id 1009 --seed 3 --months 240
11000000,1009,4,240,0.6.0,yes,1,487339.99,1274475.00,0,python app/src/simulation.py --env <db> --projection-id 1009 --seed 4 --months 240
11000000,1009,5,240,0.6.0,yes,1,659652.10,1421722.46,0,python app/src/simulation.py --env <db> --projection-id 1009 --seed 5 --months 240
11000000,1009,6,240,0.6.0,yes,1,581831.47,1383598.78,0,python app/src/simulation.py --env <db> --projection-id 1009 --seed 6 --months 240
11000000,1009,7,240,0.6.0,yes,1,567451.26,1388858.94,0,python app/src/simulation.py --env <db> --projection-id 1009 --seed 7 --months 240
11000000,1009,8,240,0.6.0,yes,1,1252197.42,2098256.25,0,python app/src/simulation.py --env <db> --projection-id 1009 --seed 8 --months 240
11000000,1009,9,240,0.6.0,yes,1,1431953.37,2177818.24,0,python app/src/simulation.py --env <db> --projection-id 1009 --seed 9 --months 240
11000000,1009,10,240,0.6.0,yes,1,847080.55,1649684.99,0,python app/src/simulation.py --env <db> --projection-id 1009 --seed 10 --months 240
11000000,1009,11,240,0.6.0,yes,1,843192.21,1651187.86,0,python app/src/simulation.py --env <db> --projection-id 1009 --seed 11 --months 240
11000000,1009,12,240,0.6.0,yes,1,592219.14,1570816.58,0,python app/src/simulation.py --env <db> --projection-id 1009 --seed 12 --months 240
11000000,1009,13,240,0.6.0,yes,1,1417252.68,2195477.27,0,python app/src/simulation.py --env <db> --projection-id 1009 --seed 13 --months 240
11000000,1009,14,240,0.6.0,yes,1,508040.64,1403153.77,0,python app/src/simulation.py --env <db> --projection-id 1009 --seed 14 --months 240
11000000,1009,15,240,0.6.0,yes,1,468056.54,1325547.95,0,python app/src/simulation.py --env <db> --projection-id 1009 --seed 15 --months 240
11000000,1009,16,240,0.6.0,yes,1,1044645.22,1916431.44,0,python app/src/simulation.py --env <db> --projection-id 1009 --seed 16 --months 240
11000000,1009,17,240,0.6.0,yes,1,1218129.53,2016658.98,0,python app/src/simulation.py --env <db> --projection-id 1009 --seed 17 --months 240
11000000,1009,18,240,0.6.0,yes,1,718046.75,1552776.32,0,python app/src/simulation.py --env <db> --projection-id 1009 --seed 18 --months 240
11000000,1009,19,240,0.6.0,yes,1,549622.50,1395007.24,0,python app/src/simulation.py --env <db> --projection-id 1009 --seed 19 --months 240
11000000,1009,20,240,0.6.0,yes,1,1011629.52,1887145.61,0,python app/src/simulation.py --env <db> --projection-id 1009 --seed 20 --months 240
11000000,1009,21,240,0.6.0,yes,1,1508444.90,2379865.16,0,python app/src/simulation.py --env <db> --projection-id 1009 --seed 21 --months 240
11000000,1009,22,240,0.6.0,yes,1,833189.52,1594630.00,0,python app/src/simulation.py --env <db> --projection-id 1009 --seed 22 --months 240
11000000,1009,23,240,0.6.0,yes,1,882111.52,1697500.16,0,python app/src/simulation.py --env <db> --projection-id 1009 --seed 23 --months 240
11000000,1009,24,240,0.6.0,yes,1,1701870.28,2628095.83,0,python app/src/simulation.py --env <db> --projection-id 1009 --seed 24 --months 240
11000000,1009,25,240,0.6.0,yes,1,1423934.16,2465981.50,0,python app/src/simulation.py --env <db> --projection-id 1009 --seed 25 --months 240
2000000,1100,1,240,0.6.0,yes,0,811.65,4867.52,0,python app/src/simulation.py --env <db> --projection-id 1100 --seed 1 --months 240
2000000,1100,2,240,0.6.0,yes,0,3356.14,3959.43,0,python app/src/simulation.py --env <db> --projection-id 1100 --seed 2 --months 240
2000000,1100,3,240,0.6.0,yes,0,1964.72,6616.74,0,python app/src/simulation.py --env <db> --projection-id 1100 --seed 3 --months 240
2000000,1100,4,240,0.6.0,yes,0,3104.29,6559.62,0,python app/src/simulation.py --env <db> --projection-id 1100 --seed 4 --months 240
2000000,1100,5,240,0.6.0,yes,0,0.00,10359.11,0,python app/src/simulation.py --env <db> --projection-id 1100 --seed 5 --months 240
2000000,1100,6,240,0.6.0,yes,0,3329.56,3736.52,0,python app/src/simulation.py --env <db> --projection-id 1100 --seed 6 --months 240
2000000,1100,7,240,0.6.0,yes,0,3364.26,7552.05,0,python app/src/simulation.py --env <db> --projection-id 1100 --seed 7 --months 240
2000000,1100,8,240,0.6.0,yes,0,0.00,0.00,0,python app/src/simulation.py --env <db> --projection-id 1100 --seed 8 --months 240
2000000,1100,9,240,0.6.0,yes,0,3954.50,6991.67,0,python app/src/simulation.py --env <db> --projection-id 1100 --seed 9 --months 240
2000000,1100,10,240,0.6.0,yes,0,0.00,0.00,0,python app/src/simulation.py --env <db> --projection-id 1100 --seed 10 --months 240
2000000,1100,11,240,0.6.0,yes,0,0.00,0.00,0,python app/src/simulation.py --env <db> --projection-id 1100 --seed 11 --months 240
2000000,1100,12,240,0.6.0,yes,0,0.00,0.00,0,python app/src/simulation.py --env <db> --projection-id 1100 --seed 12 --months 240
2000000,1100,13,240,0.6.0,yes,0,0.00,0.00,0,python app/src/simulation.py --env <db> --projection-id 1100 --seed 13 --months 240
2000000,1100,14,240,0.6.0,yes,0,0.00,0.00,0,python app/src/simulation.py --env <db> --projection-id 1100 --seed 14 --months 240
2000000,1100,15,240,0.6.0,yes,0,0.00,0.00,0,python app/src/simulation.py --env <db> --projection-id 1100 --seed 15 --months 240
2000000,1100,16,240,0.6.0,yes,0,4886.50,7655.35,0,python app/src/simulation.py --env <db> --projection-id 1100 --seed 16 --months 240
2000000,1100,17,240,0.6.0,yes,0,1920.10,7018.02,0,python app/src/simulation.py --env <db> --projection-id 1100 --seed 17 --months 240
2000000,1100,18,240,0.6.0,yes,0,0.00,0.00,0,python app/src/simulation.py --env <db> --projection-id 1100 --seed 18 --months 240
2000000,1100,19,240,0.6.0,yes,0,0.00,0.00,0,python app/src/simulation.py --env <db> --projection-id 1100 --seed 19 --months 240
2000000,1100,20,240,0.6.0,yes,0,2501.43,5782.54,0,python app/src/simulation.py --env <db> --projection-id 1100 --seed 20 --months 240
2000000,1100,21,240,0.6.0,yes,0,0.00,0.00,0,python app/src/simulation.py --env <db> --projection-id 1100 --seed 21 --months 240
2000000,1100,22,240,0.6.0,yes,0,1601.74,9176.66,0,python app/src/simulation.py --env <db> --projection-id 1100 --seed 22 --months 240
2000000,1100,23,240,0.6.0,yes,0,0.00,0.00,0,python app/src/simulation.py --env <db> --projection-id 1100 --seed 23 --months 240
2000000,1100,24,240,0.6.0,yes,0,0.00,0.00,0,python app/src/simulation.py --env <db> --projection-id 1100 --seed 24 --months 240
2000000,1100,25,240,0.6.0,yes,0,0.00,202.33,0,python app/src/simulation.py --env <db> --projection-id 1100 --seed 25 --months 240
2500000,1101,1,240,0.6.0,yes,0,3463.24,8023.19,0,python app/src/simulation.py --env <db> --projection-id 1101 --seed 1 --months 240
2500000,1101,2,240,0.6.0,yes,0,0.00,0.00,0,python app/src/simulation.py --env <db> --projection-id 1101 --seed 2 --months 240
2500000,1101,3,240,0.6.0,yes,0,0.00,0.00,0,python app/src/simulation.py --env <db> --projection-id 1101 --seed 3 --months 240
2500000,1101,4,240,0.6.0,yes,0,5049.00,8070.75,0,python app/src/simulation.py --env <db> --projection-id 1101 --seed 4 --months 240
2500000,1101,5,240,0.6.0,yes,0,3082.64,4651.39,0,python app/src/simulation.py --env <db> --projection-id 1101 --seed 5 --months 240
2500000,1101,6,240,0.6.0,yes,0,0.00,0.00,0,python app/src/simulation.py --env <db> --projection-id 1101 --seed 6 --months 240
2500000,1101,7,240,0.6.0,yes,0,0.00,0.00,0,python app/src/simulation.py --env <db> --projection-id 1101 --seed 7 --months 240
2500000,1101,8,240,0.6.0,yes,0,3205.01,5118.05,0,python app/src/simulation.py --env <db> --projection-id 1101 --seed 8 --months 240
2500000,1101,9,240,0.6.0,yes,0,0.00,0.00,0,python app/src/simulation.py --env <db> --projection-id 1101 --seed 9 --months 240
2500000,1101,10,240,0.6.0,yes,0,884.88,9443.01,0,python app/src/simulation.py --env <db> --projection-id 1101 --seed 10 --months 240
2500000,1101,11,240,0.6.0,yes,0,0.00,0.00,0,python app/src/simulation.py --env <db> --projection-id 1101 --seed 11 --months 240
2500000,1101,12,240,0.6.0,yes,0,0.00,0.00,0,python app/src/simulation.py --env <db> --projection-id 1101 --seed 12 --months 240
2500000,1101,13,240,0.6.0,yes,0,0.00,0.00,0,python app/src/simulation.py --env <db> --projection-id 1101 --seed 13 --months 240
2500000,1101,14,240,0.6.0,yes,0,0.00,0.00,0,python app/src/simulation.py --env <db> --projection-id 1101 --seed 14 --months 240
2500000,1101,15,240,0.6.0,yes,0,0.00,0.00,0,python app/src/simulation.py --env <db> --projection-id 1101 --seed 15 --months 240
2500000,1101,16,240,0.6.0,yes,0,5622.57,8304.83,0,python app/src/simulation.py --env <db> --projection-id 1101 --seed 16 --months 240
2500000,1101,17,240,0.6.0,yes,0,6010.17,8449.05,0,python app/src/simulation.py --env <db> --projection-id 1101 --seed 17 --months 240
2500000,1101,18,240,0.6.0,yes,0,0.00,0.00,0,python app/src/simulation.py --env <db> --projection-id 1101 --seed 18 --months 240
2500000,1101,19,240,0.6.0,yes,0,0.00,0.00,0,python app/src/simulation.py --env <db> --projection-id 1101 --seed 19 --months 240
2500000,1101,20,240,0.6.0,yes,0,4733.84,7947.87,0,python app/src/simulation.py --env <db> --projection-id 1101 --seed 20 --months 240
2500000,1101,21,240,0.6.0,yes,0,0.00,0.00,0,python app/src/simulation.py --env <db> --projection-id 1101 --seed 21 --months 240
2500000,1101,22,240,0.6.0,yes,0,0.00,0.00,0,python app/src/simulation.py --env <db> --projection-id 1101 --seed 22 --months 240
2500000,1101,23,240,0.6.0,yes,0,0.00,0.00,0,python app/src/simulation.py --env <db> --projection-id 1101 --seed 23 --months 240
2500000,1101,24,240,0.6.0,yes,0,1654.93,6132.92,0,python app/src/simulation.py --env <db> --projection-id 1101 --seed 24 --months 240
2500000,1101,25,240,0.6.0,yes,0,0.00,0.00,0,python app/src/simulation.py --env <db> --projection-id 1101 --seed 25 --months 240
3000000,1102,1,240,0.6.0,yes,0,0.00,0.00,0,python app/src/simulation.py --env <db> --projection-id 1102 --seed 1 --months 240
3000000,1102,2,240,0.6.0,yes,0,0.00,0.00,0,python app/src/simulation.py --env <db> --projection-id 1102 --seed 2 --months 240
3000000,1102,3,240,0.6.0,yes,0,0.00,0.00,0,python app/src/simulation.py --env <db> --projection-id 1102 --seed 3 --months 240
3000000,1102,4,240,0.6.0,yes,0,0.00,0.00,0,python app/src/simulation.py --env <db> --projection-id 1102 --seed 4 --months 240
3000000,1102,5,240,0.6.0,yes,0,0.00,0.00,0,python app/src/simulation.py --env <db> --projection-id 1102 --seed 5 --months 240
3000000,1102,6,240,0.6.0,yes,0,0.00,0.00,0,python app/src/simulation.py --env <db> --projection-id 1102 --seed 6 --months 240
3000000,1102,7,240,0.6.0,yes,0,0.00,0.00,0,python app/src/simulation.py --env <db> --projection-id 1102 --seed 7 --months 240
3000000,1102,8,240,0.6.0,yes,0,0.00,0.00,0,python app/src/simulation.py --env <db> --projection-id 1102 --seed 8 --months 240
3000000,1102,9,240,0.6.0,yes,0,0.00,0.00,0,python app/src/simulation.py --env <db> --projection-id 1102 --seed 9 --months 240
3000000,1102,10,240,0.6.0,yes,0,0.00,0.00,0,python app/src/simulation.py --env <db> --projection-id 1102 --seed 10 --months 240
3000000,1102,11,240,0.6.0,yes,0,0.00,0.00,0,python app/src/simulation.py --env <db> --projection-id 1102 --seed 11 --months 240
3000000,1102,12,240,0.6.0,yes,0,0.00,0.00,0,python app/src/simulation.py --env <db> --projection-id 1102 --seed 12 --months 240
3000000,1102,13,240,0.6.0,yes,0,0.00,0.00,0,python app/src/simulation.py --env <db> --projection-id 1102 --seed 13 --months 240
3000000,1102,14,240,0.6.0,yes,0,0.00,0.00,0,python app/src/simulation.py --env <db> --projection-id 1102 --seed 14 --months 240
3000000,1102,15,240,0.6.0,yes,0,0.00,0.00,0,python app/src/simulation.py --env <db> --projection-id 1102 --seed 15 --months 240
3000000,1102,16,240,0.6.0,yes,0,0.00,0.00,0,python app/src/simulation.py --env <db> --projection-id 1102 --seed 16 --months 240
3000000,1102,17,240,0.6.0,yes,0,0.00,0.00,0,python app/src/simulation.py --env <db> --projection-id 1102 --seed 17 --months 240
3000000,1102,18,240,0.6.0,yes,0,0.00,0.00,0,python app/src/simulation.py --env <db> --projection-id 1102 --seed 18 --months 240
3000000,1102,19,240,0.6.0,yes,0,0.00,0.00,0,python app/src/simulation.py --env <db> --projection-id 1102 --seed 19 --months 240
3000000,1102,20,240,0.6.0,yes,0,0.00,0.00,0,python app/src/simulation.py --env <db> --projection-id 1102 --seed 20 --months 240
3000000,1102,21,240,0.6.0,yes,0,0.00,0.00,0,python app/src/simulation.py --env <db> --projection-id 1102 --seed 21 --months 240
3000000,1102,22,240,0.6.0,yes,0,0.00,0.00,0,python app/src/simulation.py --env <db> --projection-id 1102 --seed 22 --months 240
3000000,1102,23,240,0.6.0,yes,0,0.00,0.00,0,python app/src/simulation.py --env <db> --projection-id 1102 --seed 23 --months 240
3000000,1102,24,240,0.6.0,yes,0,0.00,0.00,0,python app/src/simulation.py --env <db> --projection-id 1102 --seed 24 --months 240
3000000,1102,25,240,0.6.0,yes,1,64601.92,110471.98,0,python app/src/simulation.py --env <db> --projection-id 1102 --seed 25 --months 240
3500000,1103,1,240,0.6.0,yes,0,0.00,0.00,0,python app/src/simulation.py --env <db> --projection-id 1103 --seed 1 --months 240
3500000,1103,2,240,0.6.0,yes,0,0.00,0.00,0,python app/src/simulation.py --env <db> --projection-id 1103 --seed 2 --months 240
3500000,1103,3,240,0.6.0,yes,0,0.00,0.00,0,python app/src/simulation.py --env <db> --projection-id 1103 --seed 3 --months 240
3500000,1103,4,240,0.6.0,yes,0,0.00,0.00,0,python app/src/simulation.py --env <db> --projection-id 1103 --seed 4 --months 240
3500000,1103,5,240,0.6.0,yes,0,0.00,0.00,0,python app/src/simulation.py --env <db> --projection-id 1103 --seed 5 --months 240
3500000,1103,6,240,0.6.0,yes,0,0.00,0.00,0,python app/src/simulation.py --env <db> --projection-id 1103 --seed 6 --months 240
3500000,1103,7,240,0.6.0,yes,0,0.00,0.00,0,python app/src/simulation.py --env <db> --projection-id 1103 --seed 7 --months 240
3500000,1103,8,240,0.6.0,yes,0,0.00,0.00,0,python app/src/simulation.py --env <db> --projection-id 1103 --seed 8 --months 240
3500000,1103,9,240,0.6.0,yes,0,0.00,0.00,0,python app/src/simulation.py --env <db> --projection-id 1103 --seed 9 --months 240
3500000,1103,10,240,0.6.0,yes,0,0.00,0.00,0,python app/src/simulation.py --env <db> --projection-id 1103 --seed 10 --months 240
3500000,1103,11,240,0.6.0,yes,1,111569.33,329898.51,0,python app/src/simulation.py --env <db> --projection-id 1103 --seed 11 --months 240
3500000,1103,12,240,0.6.0,yes,0,0.00,0.00,0,python app/src/simulation.py --env <db> --projection-id 1103 --seed 12 --months 240
3500000,1103,13,240,0.6.0,yes,0,0.00,0.00,0,python app/src/simulation.py --env <db> --projection-id 1103 --seed 13 --months 240
3500000,1103,14,240,0.6.0,yes,0,0.00,0.00,0,python app/src/simulation.py --env <db> --projection-id 1103 --seed 14 --months 240
3500000,1103,15,240,0.6.0,yes,0,0.00,0.00,0,python app/src/simulation.py --env <db> --projection-id 1103 --seed 15 --months 240
3500000,1103,16,240,0.6.0,yes,0,0.00,0.00,0,python app/src/simulation.py --env <db> --projection-id 1103 --seed 16 --months 240
3500000,1103,17,240,0.6.0,yes,0,0.00,0.00,0,python app/src/simulation.py --env <db> --projection-id 1103 --seed 17 --months 240
3500000,1103,18,240,0.6.0,yes,0,0.00,0.00,0,python app/src/simulation.py --env <db> --projection-id 1103 --seed 18 --months 240
3500000,1103,19,240,0.6.0,yes,0,0.00,0.00,0,python app/src/simulation.py --env <db> --projection-id 1103 --seed 19 --months 240
3500000,1103,20,240,0.6.0,yes,0,0.00,0.00,0,python app/src/simulation.py --env <db> --projection-id 1103 --seed 20 --months 240
3500000,1103,21,240,0.6.0,yes,0,0.00,0.00,0,python app/src/simulation.py --env <db> --projection-id 1103 --seed 21 --months 240
3500000,1103,22,240,0.6.0,yes,0,0.00,0.00,0,python app/src/simulation.py --env <db> --projection-id 1103 --seed 22 --months 240
3500000,1103,23,240,0.6.0,yes,0,0.00,0.00,0,python app/src/simulation.py --env <db> --projection-id 1103 --seed 23 --months 240
3500000,1103,24,240,0.6.0,yes,1,81843.17,257559.09,0,python app/src/simulation.py --env <db> --projection-id 1103 --seed 24 --months 240
3500000,1103,25,240,0.6.0,yes,1,474556.69,945673.93,0,python app/src/simulation.py --env <db> --projection-id 1103 --seed 25 --months 240
4000000,1104,1,240,0.6.0,yes,0,0.00,0.00,0,python app/src/simulation.py --env <db> --projection-id 1104 --seed 1 --months 240
4000000,1104,2,240,0.6.0,yes,1,36129.87,248069.59,0,python app/src/simulation.py --env <db> --projection-id 1104 --seed 2 --months 240
4000000,1104,3,240,0.6.0,yes,0,0.00,0.00,0,python app/src/simulation.py --env <db> --projection-id 1104 --seed 3 --months 240
4000000,1104,4,240,0.6.0,yes,0,0.00,0.00,0,python app/src/simulation.py --env <db> --projection-id 1104 --seed 4 --months 240
4000000,1104,5,240,0.6.0,yes,0,0.00,0.00,0,python app/src/simulation.py --env <db> --projection-id 1104 --seed 5 --months 240
4000000,1104,6,240,0.6.0,yes,0,0.00,0.00,0,python app/src/simulation.py --env <db> --projection-id 1104 --seed 6 --months 240
4000000,1104,7,240,0.6.0,yes,1,48978.44,318201.16,0,python app/src/simulation.py --env <db> --projection-id 1104 --seed 7 --months 240
4000000,1104,8,240,0.6.0,yes,1,286029.53,718395.89,0,python app/src/simulation.py --env <db> --projection-id 1104 --seed 8 --months 240
4000000,1104,9,240,0.6.0,yes,1,47229.23,210794.30,0,python app/src/simulation.py --env <db> --projection-id 1104 --seed 9 --months 240
4000000,1104,10,240,0.6.0,yes,0,0.00,0.00,0,python app/src/simulation.py --env <db> --projection-id 1104 --seed 10 --months 240
4000000,1104,11,240,0.6.0,yes,1,665002.36,1063582.84,0,python app/src/simulation.py --env <db> --projection-id 1104 --seed 11 --months 240
4000000,1104,12,240,0.6.0,yes,0,0.00,0.00,0,python app/src/simulation.py --env <db> --projection-id 1104 --seed 12 --months 240
4000000,1104,13,240,0.6.0,yes,1,203973.37,631558.57,0,python app/src/simulation.py --env <db> --projection-id 1104 --seed 13 --months 240
4000000,1104,14,240,0.6.0,yes,0,0.00,0.00,0,python app/src/simulation.py --env <db> --projection-id 1104 --seed 14 --months 240
4000000,1104,15,240,0.6.0,yes,0,0.00,0.00,0,python app/src/simulation.py --env <db> --projection-id 1104 --seed 15 --months 240
4000000,1104,16,240,0.6.0,yes,1,130006.91,289865.49,0,python app/src/simulation.py --env <db> --projection-id 1104 --seed 16 --months 240
4000000,1104,17,240,0.6.0,yes,0,6726.44,6824.87,0,python app/src/simulation.py --env <db> --projection-id 1104 --seed 17 --months 240
4000000,1104,18,240,0.6.0,yes,1,106487.46,413599.80,0,python app/src/simulation.py --env <db> --projection-id 1104 --seed 18 --months 240
4000000,1104,19,240,0.6.0,yes,0,0.00,0.00,0,python app/src/simulation.py --env <db> --projection-id 1104 --seed 19 --months 240
4000000,1104,20,240,0.6.0,yes,0,0.00,0.00,0,python app/src/simulation.py --env <db> --projection-id 1104 --seed 20 --months 240
4000000,1104,21,240,0.6.0,yes,0,0.00,0.00,0,python app/src/simulation.py --env <db> --projection-id 1104 --seed 21 --months 240
4000000,1104,22,240,0.6.0,yes,0,0.00,0.00,0,python app/src/simulation.py --env <db> --projection-id 1104 --seed 22 --months 240
4000000,1104,23,240,0.6.0,yes,1,242785.08,690908.52,0,python app/src/simulation.py --env <db> --projection-id 1104 --seed 23 --months 240
4000000,1104,24,240,0.6.0,yes,0,0.00,0.00,0,python app/src/simulation.py --env <db> --projection-id 1104 --seed 24 --months 240
4000000,1104,25,240,0.6.0,yes,1,573081.73,1165749.73,0,python app/src/simulation.py --env <db> --projection-id 1104 --seed 25 --months 240
4500000,1105,1,240,0.6.0,yes,0,0.00,0.00,0,python app/src/simulation.py --env <db> --projection-id 1105 --seed 1 --months 240
4500000,1105,2,240,0.6.0,yes,1,420084.50,903848.18,0,python app/src/simulation.py --env <db> --projection-id 1105 --seed 2 --months 240
4500000,1105,3,240,0.6.0,yes,0,0.00,0.00,0,python app/src/simulation.py --env <db> --projection-id 1105 --seed 3 --months 240
4500000,1105,4,240,0.6.0,yes,0,0.00,0.00,0,python app/src/simulation.py --env <db> --projection-id 1105 --seed 4 --months 240
4500000,1105,5,240,0.6.0,yes,0,0.00,0.00,0,python app/src/simulation.py --env <db> --projection-id 1105 --seed 5 --months 240
4500000,1105,6,240,0.6.0,yes,1,32950.25,72826.68,0,python app/src/simulation.py --env <db> --projection-id 1105 --seed 6 --months 240
4500000,1105,7,240,0.6.0,yes,1,172926.40,683424.52,0,python app/src/simulation.py --env <db> --projection-id 1105 --seed 7 --months 240
4500000,1105,8,240,0.6.0,yes,1,932378.76,1411431.00,0,python app/src/simulation.py --env <db> --projection-id 1105 --seed 8 --months 240
4500000,1105,9,240,0.6.0,yes,1,414625.89,846123.09,0,python app/src/simulation.py --env <db> --projection-id 1105 --seed 9 --months 240
4500000,1105,10,240,0.6.0,yes,0,0.00,0.00,0,python app/src/simulation.py --env <db> --projection-id 1105 --seed 10 --months 240
4500000,1105,11,240,0.6.0,yes,1,773620.93,1203587.29,0,python app/src/simulation.py --env <db> --projection-id 1105 --seed 11 --months 240
4500000,1105,12,240,0.6.0,yes,1,164322.15,578652.68,0,python app/src/simulation.py --env <db> --projection-id 1105 --seed 12 --months 240
4500000,1105,13,240,0.6.0,yes,1,401317.87,872791.99,0,python app/src/simulation.py --env <db> --projection-id 1105 --seed 13 --months 240
4500000,1105,14,240,0.6.0,yes,0,0.00,0.00,0,python app/src/simulation.py --env <db> --projection-id 1105 --seed 14 --months 240
4500000,1105,15,240,0.6.0,yes,0,0.00,0.00,0,python app/src/simulation.py --env <db> --projection-id 1105 --seed 15 --months 240
4500000,1105,16,240,0.6.0,yes,1,162311.88,493568.53,0,python app/src/simulation.py --env <db> --projection-id 1105 --seed 16 --months 240
4500000,1105,17,240,0.6.0,yes,0,0.00,0.00,0,python app/src/simulation.py --env <db> --projection-id 1105 --seed 17 --months 240
4500000,1105,18,240,0.6.0,yes,0,0.00,0.00,0,python app/src/simulation.py --env <db> --projection-id 1105 --seed 18 --months 240
4500000,1105,19,240,0.6.0,yes,1,61071.03,163573.72,0,python app/src/simulation.py --env <db> --projection-id 1105 --seed 19 --months 240
4500000,1105,20,240,0.6.0,yes,1,172129.65,285903.43,0,python app/src/simulation.py --env <db> --projection-id 1105 --seed 20 --months 240
4500000,1105,21,240,0.6.0,yes,0,0.00,0.00,0,python app/src/simulation.py --env <db> --projection-id 1105 --seed 21 --months 240
4500000,1105,22,240,0.6.0,yes,0,0.00,0.00,0,python app/src/simulation.py --env <db> --projection-id 1105 --seed 22 --months 240
4500000,1105,23,240,0.6.0,yes,1,572823.68,1051441.52,0,python app/src/simulation.py --env <db> --projection-id 1105 --seed 23 --months 240
4500000,1105,24,240,0.6.0,yes,1,102737.46,317454.67,0,python app/src/simulation.py --env <db> --projection-id 1105 --seed 24 --months 240
4500000,1105,25,240,0.6.0,yes,1,995174.39,1590850.91,0,python app/src/simulation.py --env <db> --projection-id 1105 --seed 25 --months 240
