unit_id,property_id,unit_number,beds,adjusted_rent,baths,base_rent
1,1,1,1,1962.00,,1962.00
2,1,2,1,1962.00,,1962.00
3,2,1,2,2906.00,,2906.00
4,2,2,2,2906.00,,2906.00
5,2,3,2,2906.00,,2906.00
6,2,4,2,2906.00,,2906.00
7,3,1,3,3598.00,,3598.00
8,3,2,3,3598.00,,3598.00
9,3,3,3,3598.00,,3598.00
10,4,1,1,1962.00,,1962.00
11,4,2,1,1962.00,,1962.00
12,4,3,0,1668.00,,1668.00
13,4,4,0,1668.00,,1668.00
14,4,5,1,1962.00,,1962.00
15,4,6,0,1668.00,,1668.00
16,4,7,0,1668.00,,1668.00
17,5,1,4,4290.00,,4290.00
18,5,2,3,3598.00,,3598.00
19,6,1,3,3598.00,,3598.00
20,6,2,3,3598.00,,3598.00
21,7,1,3,3598.00,,3598.00
22,7,2,3,3598.00,,3598.00
23,7,3,3,3598.00,,3598.00
24,8,1,1,1962.00,,1962.00
25,8,2,1,1962.00,,1962.00
26,8,3,1,1962.00,,1962.00
27,9,1,3,3598.00,,3598.00
28,9,2,3,3598.00,,3598.00
29,10,1,4,4290.00,,4290.00
30,10,2,4,4290.00,,4290.00
31,11,1,3,3598.00,,3598.00
32,11,2,3,3598.00,,3598.00
33,12,1,2,2906.00,,2906.00
34,12,2,2,2906.00,,2906.00
35,13,1,3,3598.00,,3598.00
36,13,2,2,2906.00,,2906.00
37,13,3,2,2906.00,,2906.00
38,14,1,4,4290.00,,4290.00
39,14,2,4,4290.00,,4290.00
40,14,3,3,3598.00,,3598.00
41,15,1,5,4982.00,,4982.00
42,15,2,5,4982.00,,4982.00
43,15,3,5,4982.00,,4982.00
44,16,1,2,2906.00,,2906.00
45,16,2,2,2906.00,,2906.00
46,17,1,2,2906.00,,2906.00
47,17,2,1,1962.00,,1962.00
48,18,1,2,2906.00,,2906.00
49,18,2,1,1962.00,,1962.00
50,19,1,3,3598.00,,3598.00
51,19,2,3,3598.00,,3598.00
52,20,1,3,3598.00,,3598.00
53,20,2,3,3598.00,,3598.00
54,21,1,4,4290.00,,4290.00
55,21,2,3,3598.00,,3598.00
56,21,3,4,4290.00,,4290.00
57,22,1,3,3598.00,,3598.00
58,22,2,3,3598.00,,3598.00
59,23,1,1,1962.00,,1962.00
60,23,2,2,2906.00,,2906.00
61,23,3,2,2906.00,,2906.00
62,24,1,2,2906.00,,2906.00
63,24,2,2,2906.00,,2906.00
64,25,1,2,2906.00,,2906.00
65,25,2,2,2906.00,,2906.00
66,26,1,3,3598.00,,3598.00
67,26,2,3,3598.00,,3598.00
68,27,1,2,2906.00,,2906.00
69,27,2,2,2906.00,,2906.00
70,28,1,2,2906.00,,2906.00
71,28,2,1,1962.00,,1962.00
72,28,3,2,2906.00,,2906.00
73,29,1,1,1962.00,,1962.00
74,29,2,2,2906.00,,2906.00
75,30,1,2,2906.00,,2906.00
76,30,2,2,2906.00,,2906.00
77,31,1,3,3598.00,,3598.00
78,31,2,3,3598.00,,3598.00
79,32,1,3,3598.00,,3598.00
80,32,2,3,3598.00,,3598.00
81,33,1,3,3598.00,,3598.00
82,33,2,3,3598.00,,3598.00
83,34,1,4,4290.00,,4290.00
84,34,2,4,4290.00,,4290.00
85,35,1,2,2906.00,,2906.00
86,35,2,2,2906.00,,2906.00
87,36,1,2,2906.00,,2906.00
88,36,2,3,3598.00,,3598.00
89,37,1,2,2906.00,,2906.00
90,37,2,3,3598.00,,3598.00
91,38,1,2,2906.00,,2906.00
92,38,2,2,2906.00,,2906.00
93,39,1,2,2906.00,,2906.00
94,39,2,3,3598.00,,3598.00
95,40,1,5,4982.00,,4982.00
96,40,2,4,4290.00,,4290.00
97,41,1,2,2906.00,,2906.00
98,41,2,2,2906.00,,2906.00
99,41,3,2,2906.00,,2906.00
100,42,1,3,3598.00,,3598.00
101,42,2,3,3598.00,,3598.00
102,43,1,2,2906.00,,2906.00
103,43,2,2,2906.00,,2906.00
104,43,3,2,2906.00,,2906.00
105,44,1,1,1962.00,,1962.00
106,44,2,1,1962.00,,1962.00
107,44,3,1,1962.00,,1962.00
108,45,1,2,2906.00,,2906.00
109,45,2,2,2906.00,,2906.00
110,46,1,3,3598.00,,3598.00
111,46,2,2,2906.00,,2906.00
112,46,3,3,3598.00,,3598.00
113,47,1,3,3598.00,,3598.00
114,47,2,2,2906.00,,2906.00
115,47,3,2,2906.00,,2906.00
116,48,1,4,4290.00,,4290.00
117,48,2,3,3598.00,,3598.00
118,49,1,3,3598.00,,3598.00
119,49,2,3,3598.00,,3598.00
120,50,1,3,3598.00,,3598.00
121,50,2,3,3598.00,,3598.00
122,50,3,3,3598.00,,3598.00
123,51,1,3,3598.00,,3598.00
124,51,2,4,4290.00,,4290.00
125,52,1,3,3598.00,,3598.00
126,52,2,3,3598.00,,3598.00
127,53,1,4,4290.00,,4290.00
128,53,2,4,4290.00,,4290.00
129,53,3,4,4290.00,,4290.00
130,54,1,3,3598.00,,3598.00
131,54,2,3,3598.00,,3598.00
132,55,1,3,3598.00,,3598.00
133,55,2,3,3598.00,,3598.00
134,56,1,2,2906.00,,2906.00
135,56,2,1,1962.00,,1962.00
136,56,3,1,1962.00,,1962.00
137,57,1,2,2906.00,,2906.00
138,57,2,3,3598.00,,3598.00
139,58,1,4,4290.00,,4290.00
140,58,2,3,3598.00,,3598.00
141,58,3,4,4290.00,,4290.00
142,59,1,2,2906.00,,2906.00
143,59,2,2,2906.00,,2906.00
144,60,1,2,2906.00,,2906.00
145,60,2,1,1962.00,,1962.00
146,60,3,2,2906.00,,2906.00
147,60,4,2,2906.00,,2906.00
148,61,1,2,2906.00,,2906.00
149,61,2,2,2906.00,,2906.00
150,62,1,2,2906.00,,2906.00
151,62,2,2,2906.00,,2906.00
152,63,1,2,2906.00,,2906.00
153,63,2,2,2906.00,,2906.00
154,63,3,2,2906.00,,2906.00
155,63,4,2,2906.00,,2906.00
156,64,1,1,1962.00,,1962.00
157,64,2,1,1962.00,,1962.00
158,64,3,2,2906.00,,2906.00
159,65,1,3,3598.00,,3598.00
160,65,2,4,4290.00,,4290.00
161,65,3,4,4290.00,,4290.00
162,66,1,1,1962.00,,1962.00
163,66,2,2,2906.00,,2906.00
164,66,3,2,2906.00,,2906.00
165,66,4,1,1962.00,,1962.00
166,67,1,1,1962.00,,1962.00
167,67,2,1,1962.00,,1962.00
168,67,3,1,1962.00,,1962.00
169,67,4,1,1962.00,,1962.00
170,68,1,3,3598.00,,3598.00
171,68,2,3,3598.00,,3598.00
172,69,1,3,3598.00,,3598.00
173,69,2,3,3598.00,,3598.00
174,70,1,3,3598.00,,3598.00
175,70,2,3,3598.00,,3598.00
176,71,1,1,1962.00,,1962.00
177,71,2,1,1962.00,,1962.00
178,72,1,2,2906.00,,2906.00
179,72,2,2,2906.00,,2906.00
180,73,1,3,3598.00,,3598.00
181,73,2,3,3598.00,,3598.00
182,74,1,3,3598.00,,3598.00
183,74,2,3,3598.00,,3598.00
184,75,1,2,2906.00,,2906.00
185,75,2,2,2906.00,,2906.00
186,75,3,2,2906.00,,2906.00
187,76,1,3,3598.00,,3598.00
188,76,2,2,2906.00,,2906.00
189,77,1,2,2906.00,,2906.00
190,77,2,1,1962.00,,1962.00
191,77,3,1,1962.00,,1962.00
192,78,1,2,2906.00,,2906.00
193,78,2,2,2906.00,,2906.00
194,79,1,2,2906.00,,2906.00
195,79,2,2,2906.00,,2906.00
196,80,1,1,1962.00,,1962.00
197,80,2,0,1668.00,,1668.00
198,80,3,1,1962.00,,1962.00
199,80,4,0,1668.00,,1668.00
200,81,1,2,2906.00,,2906.00
201,81,2,3,3598.00,,3598.00
202,82,1,2,2906.00,,2906.00
203,82,2,3,3598.00,,3598.00
204,83,1,3,3598.00,,3598.00
205,83,2,3,3598.00,,3598.00
206,84,1,3,3598.00,,3598.00
207,84,2,3,3598.00,,3598.00
208,85,1,1,1962.00,,1962.00
209,85,2,1,1962.00,,1962.00
210,86,1,2,2906.00,,2906.00
211,86,2,2,2906.00,,2906.00
212,87,1,4,4290.00,,4290.00
213,87,2,3,3598.00,,3598.00
214,88,1,3,3598.00,,3598.00
215,88,2,3,3598.00,,3598.00
216,89,1,2,2906.00,,2906.00
217,89,2,2,2906.00,,2906.00
218,90,1,3,3598.00,,3598.00
219,90,2,4,4290.00,,4290.00
220,91,1,1,1962.00,,1962.00
221,91,2,1,1962.00,,1962.00
222,92,1,2,2906.00,,2906.00
223,92,2,2,2906.00,,2906.00
224,93,1,2,2906.00,,2906.00
225,93,2,2,2906.00,,2906.00
226,94,1,2,2906.00,,2906.00
227,94,2,2,2906.00,,2906.00
228,94,3,2,2906.00,,2906.00
229,95,1,2,2906.00,,2906.00
230,95,2,2,2906.00,,2906.00
231,95,3,2,2906.00,,2906.00
232,95,4,2,2906.00,,2906.00
233,95,5,2,2906.00,,2906.00
234,95,6,1,1962.00,,1962.00
235,95,7,2,2906.00,,2906.00
236,95,8,2,2906.00,,2906.00
237,96,1,1,1962.00,,1962.00
238,96,2,1,1962.00,,1962.00
239,97,1,2,2906.00,,2906.00
240,97,2,2,2906.00,,2906.00
241,98,1,1,1962.00,,1962.00
242,98,2,1,1962.00,,1962.00
243,98,3,1,1962.00,,1962.00
244,98,4,1,1962.00,,1962.00
245,98,5,1,1962.00,,1962.00
246,98,6,1,1962.00,,1962.00
247,99,1,2,2906.00,,2906.00
248,99,2,2,2906.00,,2906.00
249,100,1,1,1962.00,,1962.00
250,100,2,1,1962.00,,1962.00
251,100,3,1,1962.00,,1962.00
252,100,4,1,1962.00,,1962.00
253,101,1,2,2906.00,,2906.00
254,101,2,3,3598.00,,3598.00
255,102,1,4,4290.00,,4290.00
256,102,2,4,4290.00,,4290.00
257,103,1,2,2906.00,,2906.00
258,103,2,3,3598.00,,3598.00
259,103,3,3,3598.00,,3598.00
260,103,4,3,3598.00,,3598.00
261,103,5,2,2906.00,,2906.00
262,103,6,3,3598.00,,3598.00
263,104,1,3,3598.00,,3598.00
264,104,2,3,3598.00,,3598.00
265,105,1,3,3598.00,,3598.00
266,105,2,3,3598.00,,3598.00
267,106,1,2,2906.00,,2906.00
268,106,2,2,2906.00,,2906.00
269,107,1,3,3598.00,,3598.00
270,107,2,3,3598.00,,3598.00
271,108,1,2,2906.00,,2906.00
272,108,2,3,3598.00,,3598.00
273,109,1,2,2906.00,,2906.00
274,109,2,2,2906.00,,2906.00
275,110,1,3,3598.00,,3598.00
276,110,2,3,3598.00,,3598.00
277,111,1,4,4290.00,,4290.00
278,111,2,4,4290.00,,4290.00
279,112,1,3,3598.00,,3598.00
280,112,2,2,2906.00,,2906.00
281,113,1,4,4290.00,,4290.00
282,113,2,3,3598.00,,3598.00
283,114,1,4,4290.00,,4290.00
284,114,2,4,4290.00,,4290.00
285,115,1,3,3598.00,,3598.00
286,115,2,3,3598.00,,3598.00
287,116,1,2,2906.00,,2906.00
288,116,2,2,2906.00,,2906.00
289,116,3,2,2906.00,,2906.00
290,117,1,3,3598.00,,3598.00
291,117,2,3,3598.00,,3598.00
292,118,1,3,3598.00,,3598.00
293,118,2,3,3598.00,,3598.00
294,119,1,2,2906.00,,2906.00
295,119,2,2,2906.00,,2906.00
296,119,3,2,2906.00,,2906.00
297,120,1,2,2906.00,,2906.00
298,120,2,2,2906.00,,2906.00
299,121,1,2,2906.00,,2906.00
300,121,2,2,2906.00,,2906.00
301,122,1,2,2906.00,,2906.00
302,122,2,2,2906.00,,2906.00
303,123,1,2,2906.00,,2906.00
304,123,2,2,2906.00,,2906.00
305,123,3,2,2906.00,,2906.00
306,124,1,3,3598.00,,3598.00
307,124,2,3,3598.00,,3598.00
308,125,1,3,3598.00,,3598.00
309,125,2,3,3598.00,,3598.00
310,126,1,1,1962.00,,1962.00
311,126,2,1,1962.00,,1962.00
312,126,3,1,1962.00,,1962.00
313,126,4,1,1962.00,,1962.00
314,127,1,1,1962.00,,1962.00
315,127,2,2,2906.00,,2906.00
316,127,3,1,1962.00,,1962.00
317,128,1,1,1962.00,,1962.00
318,128,2,1,1962.00,,1962.00
319,129,1,2,2906.00,,2906.00
320,129,2,2,2906.00,,2906.00
321,129,3,2,2906.00,,2906.00
322,130,1,2,2906.00,,2906.00
323,130,2,3,3598.00,,3598.00
324,131,1,3,3598.00,,3598.00
325,131,2,3,3598.00,,3598.00
326,132,1,3,3598.00,,3598.00
327,132,2,4,4290.00,,4290.00
328,133,1,3,3598.00,,3598.00
329,133,2,2,2906.00,,2906.00
330,134,1,3,3598.00,,3598.00
331,134,2,3,3598.00,,3598.00
332,135,1,2,2906.00,,2906.00
333,135,2,2,2906.00,,2906.00
334,136,1,2,2906.00,,2906.00
335,136,2,2,2906.00,,2906.00
336,136,3,2,2906.00,,2906.00
337,137,1,3,3598.00,,3598.00
338,137,2,3,3598.00,,3598.00
339,138,1,1,1962.00,,1962.00
340,138,2,1,1962.00,,1962.00
341,138,3,1,1962.00,,1962.00
342,138,4,1,1962.00,,1962.00
343,139,1,2,2906.00,,2906.00
344,139,2,2,2906.00,,2906.00
345,139,3,2,2906.00,,2906.00
346,139,4,2,2906.00,,2906.00
347,139,5,2,2906.00,,2906.00
348,140,1,4,4290.00,,4290.00
349,140,2,4,4290.00,,4290.00
350,141,1,1,1962.00,,1962.00
351,141,2,1,1962.00,,1962.00
352,141,3,1,1962.00,,1962.00
353,141,4,1,1962.00,,1962.00
354,141,5,1,1962.00,,1962.00
355,142,1,3,3598.00,,3598.00
356,142,2,3,3598.00,,3598.00
357,143,1,3,3598.00,,3598.00
358,143,2,3,3598.00,,3598.00
359,144,1,3,3598.00,,3598.00
360,144,2,3,3598.00,,3598.00
361,144,3,3,3598.00,,3598.00
362,145,1,3,3598.00,,3598.00
363,145,2,3,3598.00,,3598.00
364,146,1,3,3598.00,,3598.00
365,146,2,3,3598.00,,3598.00
366,147,1,1,1962.00,,1962.00
367,147,2,1,1962.00,,1962.00
368,147,3,2,2906.00,,2906.00
369,147,4,1,1962.00,,1962.00
370,147,5,2,2906.00,,2906.00
371,147,6,1,1962.00,,1962.00
372,148,1,3,3598.00,,3598.00
373,148,2,3,3598.00,,3598.00
374,149,1,3,3598.00,,3598.00
375,149,2,3,3598.00,,3598.00
376,150,1,2,2906.00,,2906.00
377,150,2,2,2906.00,,2906.00
378,151,1,3,3598.00,,3598.00
379,151,2,2,2906.00,,2906.00
380,152,1,1,1962.00,,1962.00
381,152,2,1,1962.00,,1962.00
382,152,3,1,1962.00,,1962.00
383,152,4,1,1962.00,,1962.00
384,152,5,2,2906.00,,2906.00
385,152,6,1,1962.00,,1962.00
386,153,1,0,1668.00,,1668.00
387,153,2,0,1668.00,,1668.00
388,153,3,0,1668.00,,1668.00
389,153,4,1,1962.00,,1962.00
390,153,5,0,1668.00,,1668.00
391,154,1,2,2906.00,,2906.00
392,154,2,2,2906.00,,2906.00
393,154,3,1,1962.00,,1962.00
394,154,4,1,1962.00,,1962.00
395,154,5,2,2906.00,,2906.00
396,155,1,2,2906.00,,2906.00
397,155,2,2,2906.00,,2906.00
398,156,1,1,1962.00,,1962.00
399,156,2,1,1962.00,,1962.00
400,156,3,1,1962.00,,1962.00
401,156,4,1,1962.00,,1962.00
402,157,1,2,2906.00,,2906.00
403,157,2,1,1962.00,,1962.00
404,157,3,1,1962.00,,1962.00
405,158,1,2,2906.00,,2906.00
406,158,2,2,2906.00,,2906.00
407,159,1,3,3598.00,,3598.00
408,159,2,2,2906.00,,2906.00
409,159,3,2,2906.00,,2906.00
410,160,1,2,2906.00,,2906.00
411,160,2,1,1962.00,,1962.00
412,161,1,1,1962.00,,1962.00
413,161,2,1,1962.00,,1962.00
414,161,3,1,1962.00,,1962.00
415,162,1,1,1962.00,,1962.00
416,162,2,0,1668.00,,1668.00
417,162,3,1,1962.00,,1962.00
418,162,4,1,1962.00,,1962.00
419,162,5,1,1962.00,,1962.00
420,163,1,1,1962.00,,1962.00
421,163,2,2,2906.00,,2906.00
422,164,1,1,1962.00,,1962.00
423,164,2,1,1962.00,,1962.00
424,164,3,1,1962.00,,1962.00
425,164,4,1,1962.00,,1962.00
426,165,1,2,2906.00,,2906.00
427,165,2,2,2906.00,,2906.00
428,166,1,2,2906.00,,2906.00
429,166,2,1,1962.00,,1962.00
430,166,3,1,1962.00,,1962.00
431,166,4,1,1962.00,,1962.00
432,166,5,2,2906.00,,2906.00
433,166,6,2,2906.00,,2906.00
434,167,1,1,1962.00,,1962.00
435,167,2,1,1962.00,,1962.00
436,168,1,4,4290.00,,4290.00
437,168,2,3,3598.00,,3598.00
438,169,1,2,2906.00,,2906.00
439,169,2,2,2906.00,,2906.00
440,170,1,2,2906.00,,2906.00
441,170,2,3,3598.00,,3598.00
442,171,1,3,3598.00,,3598.00
443,171,2,3,3598.00,,3598.00
444,172,1,3,3598.00,,3598.00
445,172,2,3,3598.00,,3598.00
446,173,1,2,2906.00,,2906.00
447,173,2,2,2906.00,,2906.00
448,174,1,2,2906.00,,2906.00
449,174,2,1,1962.00,,1962.00
450,175,1,1,1962.00,,1962.00
451,175,2,2,2906.00,,2906.00
452,175,3,2,2906.00,,2906.00
453,175,4,2,2906.00,,2906.00
454,176,1,2,2906.00,,2906.00
455,176,2,2,2906.00,,2906.00
456,177,1,2,2906.00,,2906.00
457,177,2,1,1962.00,,1962.00
458,178,1,3,3598.00,,3598.00
459,178,2,2,2906.00,,2906.00
460,179,1,2,2906.00,,2906.00
461,179,2,3,3598.00,,3598.00
462,179,3,3,3598.00,,3598.00
463,180,1,2,2906.00,,2906.00
464,180,2,1,1962.00,,1962.00
465,180,3,2,2906.00,,2906.00
466,180,4,2,2906.00,,2906.00
467,180,5,1,1962.00,,1962.00
468,180,6,2,2906.00,,2906.00
469,181,1,3,3598.00,,3598.00
470,181,2,3,3598.00,,3598.00
471,181,3,3,3598.00,,3598.00
472,181,4,3,3598.00,,3598.00
473,182,1,3,3598.00,,3598.00
474,182,2,3,3598.00,,3598.00
475,182,3,3,3598.00,,3598.00
476,183,1,1,1962.00,,1962.00
477,183,2,1,1962.00,,1962.00
478,183,3,2,2906.00,,2906.00
479,183,4,2,2906.00,,2906.00
480,184,1,3,3598.00,,3598.00
481,184,2,3,3598.00,,3598.00
482,185,1,0,1668.00,,1668.00
483,185,2,0,1668.00,,1668.00
484,185,3,0,1668.00,,1668.00
485,185,4,0,1668.00,,1668.00
486,185,5,0,1668.00,,1668.00
487,185,6,0,1668.00,,1668.00
488,185,7,0,1668.00,,1668.00
489,186,1,1,1962.00,,1962.00
490,186,2,1,1962.00,,1962.00
491,186,3,1,1962.00,,1962.00
492,186,4,1,1962.00,,1962.00
493,186,5,1,1962.00,,1962.00
494,186,6,1,1962.00,,1962.00
495,186,7,1,1962.00,,1962.00
496,186,8,1,1962.00,,1962.00
497,187,1,1,1962.00,,1962.00
498,187,2,1,1962.00,,1962.00
499,187,3,1,1962.00,,1962.00
500,187,4,1,1962.00,,1962.00
501,187,5,1,1962.00,,1962.00
502,187,6,1,1962.00,,1962.00
503,187,7,1,1962.00,,1962.00
504,187,8,1,1962.00,,1962.00
505,188,1,2,2906.00,,2906.00
506,188,2,3,3598.00,,3598.00
507,188,3,2,2906.00,,2906.00
508,189,1,1,1962.00,,1962.00
509,189,2,2,2906.00,,2906.00
510,189,3,1,1962.00,,1962.00
511,189,4,2,2906.00,,2906.00
512,190,1,2,2906.00,,2906.00
513,190,2,2,2906.00,,2906.00
514,190,3,2,2906.00,,2906.00
515,190,4,2,2906.00,,2906.00
516,191,1,3,3598.00,,3598.00
517,191,2,3,3598.00,,3598.00
518,192,1,2,2906.00,,2906.00
519,192,2,2,2906.00,,2906.00
520,192,3,2,2906.00,,2906.00
521,193,1,3,3598.00,,3598.00
522,193,2,3,3598.00,,3598.00
523,194,1,3,3598.00,,3598.00
524,194,2,3,3598.00,,3598.00
525,195,1,3,3598.00,,3598.00
526,195,2,4,4290.00,,4290.00
527,196,1,3,3598.00,,3598.00
528,196,2,3,3598.00,,3598.00
529,197,1,2,2906.00,,2906.00
530,197,2,3,3598.00,,3598.00
531,198,1,3,3598.00,,3598.00
532,198,2,4,4290.00,,4290.00
533,199,1,1,1962.00,,1962.00
534,199,2,1,1962.00,,1962.00
535,199,3,2,2906.00,,2906.00
536,199,4,2,2906.00,,2906.00
537,200,1,2,2906.00,,2906.00
538,200,2,2,2906.00,,2906.00
539,201,1,3,3598.00,,3598.00
540,201,2,3,3598.00,,3598.00
541,202,1,3,3598.00,,3598.00
542,202,2,3,3598.00,,3598.00
543,203,1,2,2906.00,,2906.00
544,203,2,2,2906.00,,2906.00
545,204,1,3,3598.00,,3598.00
546,204,2,3,3598.00,,3598.00
547,205,1,2,2906.00,,2906.00
548,205,2,2,2906.00,,2906.00
549,206,1,4,4290.00,,4290.00
550,206,2,3,3598.00,,3598.00
551,207,1,1,1962.00,,1962.00
552,207,2,1,1962.00,,1962.00
553,207,3,1,1962.00,,1962.00
554,207,4,1,1962.00,,1962.00
555,208,1,2,2906.00,,2906.00
556,208,2,2,2906.00,,2906.00
557,208,3,2,2906.00,,2906.00
558,209,1,2,2906.00,,2906.00
559,209,2,2,2906.00,,2906.00
560,210,1,2,2906.00,,2906.00
561,210,2,2,2906.00,,2906.00
562,211,1,3,3598.00,,3598.00
563,211,2,3,3598.00,,3598.00
564,212,1,3,3598.00,,3598.00
565,212,2,4,4290.00,,4290.00
566,213,1,2,2906.00,,2906.00
567,213,2,2,2906.00,,2906.00
568,214,1,1,1962.00,,1962.00
569,214,2,2,2906.00,,2906.00
570,215,1,1,1962.00,,1962.00
571,215,2,2,2906.00,,2906.00
572,215,3,2,2906.00,,2906.00
573,215,4,1,1962.00,,1962.00
574,216,1,3,3598.00,,3598.00
575,216,2,2,2906.00,,2906.00
576,217,1,3,3598.00,,3598.00
577,217,2,3,3598.00,,3598.00
578,218,1,3,3598.00,,3598.00
579,218,2,3,3598.00,,3598.00
580,218,3,3,3598.00,,3598.00
581,219,1,2,2906.00,,2906.00
582,219,2,2,2906.00,,2906.00
583,219,3,2,2906.00,,2906.00
584,219,4,1,1962.00,,1962.00
585,219,5,2,2906.00,,2906.00
586,220,1,1,1962.00,,1962.00
587,220,2,1,1962.00,,1962.00
588,220,3,1,1962.00,,1962.00
589,220,4,1,1962.00,,1962.00
590,220,5,1,1962.00,,1962.00
591,221,1,1,1962.00,,1962.00
592,221,2,2,2906.00,,2906.00
593,222,1,4,4290.00,,4290.00
594,222,2,4,4290.00,,4290.00
595,223,1,2,2906.00,,2906.00
596,223,2,2,2906.00,,2906.00
597,223,3,2,2906.00,,2906.00
598,224,1,2,2906.00,,2906.00
599,224,2,2,2906.00,,2906.00
600,225,1,3,3598.00,,3598.00
601,225,2,3,3598.00,,3598.00
602,225,3,3,3598.00,,3598.00
603,226,1,2,2906.00,,2906.00
604,226,2,3,3598.00,,3598.00
605,227,1,3,3598.00,,3598.00
606,227,2,2,2906.00,,2906.00
607,228,1,2,2906.00,,2906.00
608,228,2,2,2906.00,,2906.00
609,229,1,2,2906.00,,2906.00
610,229,2,2,2906.00,,2906.00
611,229,3,3,3598.00,,3598.00
612,230,1,3,3598.00,,3598.00
613,230,2,2,2906.00,,2906.00
614,231,1,2,2906.00,,2906.00
615,231,2,3,3598.00,,3598.00
616,232,1,4,4290.00,,4290.00
617,232,2,4,4290.00,,4290.00
618,233,1,1,1962.00,,1962.00
619,233,2,1,1962.00,,1962.00
620,234,1,3,3598.00,,3598.00
621,234,2,3,3598.00,,3598.00
622,235,1,2,2906.00,,2906.00
623,235,2,1,1962.00,,1962.00
624,235,3,2,2906.00,,2906.00
625,236,1,3,3598.00,,3598.00
626,236,2,2,2906.00,,2906.00
627,237,1,2,2906.00,,2906.00
628,237,2,2,2906.00,,2906.00
629,238,1,2,2906.00,,2906.00
630,238,2,2,2906.00,,2906.00
631,239,1,4,4290.00,,4290.00
632,239,2,3,3598.00,,3598.00
633,240,1,2,2906.00,,2906.00
634,240,2,2,2906.00,,2906.00
635,241,1,3,3598.00,,3598.00
636,241,2,2,2906.00,,2906.00
637,242,1,1,1962.00,,1962.00
638,242,2,1,1962.00,,1962.00
639,243,1,2,2906.00,,2906.00
640,243,2,2,2906.00,,2906.00
641,244,1,3,3598.00,,3598.00
642,244,2,2,2906.00,,2906.00
643,245,1,2,2906.00,,2906.00
644,245,2,2,2906.00,,2906.00
645,246,1,2,2906.00,,2906.00
646,246,2,3,3598.00,,3598.00
647,247,1,1,1962.00,,1962.00
648,247,2,2,2906.00,,2906.00
649,248,1,2,2906.00,,2906.00
650,248,2,3,3598.00,,3598.00
651,249,1,2,2906.00,,2906.00
652,249,2,2,2906.00,,2906.00
653,250,1,2,2906.00,,2906.00
654,250,2,2,2906.00,,2906.00
655,251,1,1,1962.00,,1962.00
656,251,2,1,1962.00,,1962.00
657,251,3,1,1962.00,,1962.00
658,251,4,1,1962.00,,1962.00
659,251,5,1,1962.00,,1962.00
660,252,1,2,2906.00,,2906.00
661,252,2,2,2906.00,,2906.00
662,253,1,2,2906.00,,2906.00
663,253,2,2,2906.00,,2906.00
664,254,1,2,2906.00,,2906.00
665,254,2,2,2906.00,,2906.00
666,255,1,2,2906.00,,2906.00
667,255,2,2,2906.00,,2906.00
668,256,1,2,2906.00,,2906.00
669,256,2,2,2906.00,,2906.00
670,257,1,3,3598.00,,3598.00
671,257,2,3,3598.00,,3598.00
672,257,3,4,4290.00,,4290.00
673,258,1,2,2906.00,,2906.00
674,258,2,2,2906.00,,2906.00
675,259,1,3,3598.00,,3598.00
676,259,2,4,4290.00,,4290.00
677,260,1,2,2906.00,,2906.00
678,260,2,2,2906.00,,2906.00
679,261,1,1,1962.00,,1962.00
680,261,2,1,1962.00,,1962.00
681,262,1,2,2906.00,,2906.00
682,262,2,3,3598.00,,3598.00
683,263,1,2,2906.00,,2906.00
684,263,2,3,3598.00,,3598.00
685,264,1,2,2906.00,,2906.00
686,264,2,2,2906.00,,2906.00
687,264,3,2,2906.00,,2906.00
688,265,1,4,4290.00,,4290.00
689,265,2,4,4290.00,,4290.00
690,266,1,3,3598.00,,3598.00
691,266,2,3,3598.00,,3598.00
692,267,1,3,3598.00,,3598.00
693,267,2,2,2906.00,,2906.00
694,268,1,1,1962.00,,1962.00
695,268,2,1,1962.00,,1962.00
696,269,1,2,2906.00,,2906.00
697,269,2,1,1962.00,,1962.00
698,269,3,2,2906.00,,2906.00
699,270,1,3,3598.00,,3598.00
700,270,2,3,3598.00,,3598.00
701,271,1,3,3598.00,,3598.00
702,271,2,2,2906.00,,2906.00
703,272,1,5,4982.00,,4982.00
704,272,2,5,4982.00,,4982.00
705,273,1,2,2906.00,,2906.00
706,273,2,2,2906.00,,2906.00
707,273,3,2,2906.00,,2906.00
708,274,1,1,1962.00,,1962.00
709,274,2,1,1962.00,,1962.00
710,275,1,2,2906.00,,2906.00
711,275,2,2,2906.00,,2906.00
712,276,1,3,3598.00,,3598.00
713,276,2,3,3598.00,,3598.00
714,276,3,3,3598.00,,3598.00
715,277,1,1,1962.00,,1962.00
716,277,2,1,1962.00,,1962.00
717,277,3,1,1962.00,,1962.00
718,277,4,1,1962.00,,1962.00
719,277,5,1,1962.00,,1962.00
720,278,1,3,3598.00,,3598.00
721,278,2,3,3598.00,,3598.00
722,279,1,2,2906.00,,2906.00
723,279,2,2,2906.00,,2906.00
724,279,3,2,2906.00,,2906.00
725,279,4,2,2906.00,,2906.00
726,280,1,3,3598.00,,3598.00
727,280,2,2,2906.00,,2906.00
728,281,1,3,3598.00,,3598.00
729,281,2,3,3598.00,,3598.00
730,282,1,3,3598.00,,3598.00
731,282,2,3,3598.00,,3598.00
732,283,1,2,2906.00,,2906.00
733,283,2,2,2906.00,,2906.00
734,284,1,2,2906.00,,2906.00
735,284,2,3,3598.00,,3598.00
736,285,1,2,2906.00,,2906.00
737,285,2,3,3598.00,,3598.00
738,286,1,2,2906.00,,2906.00
739,286,2,2,2906.00,,2906.00
740,287,1,2,2906.00,,2906.00
741,287,2,2,2906.00,,2906.00
742,288,1,3,3598.00,,3598.00
743,288,2,2,2906.00,,2906.00
744,289,1,3,3598.00,,3598.00
745,289,2,3,3598.00,,3598.00
746,290,1,3,3598.00,,3598.00
747,290,2,3,3598.00,,3598.00
748,291,1,3,3598.00,,3598.00
749,291,2,3,3598.00,,3598.00
750,292,1,3,3598.00,,3598.00
751,292,2,3,3598.00,,3598.00
752,293,1,2,2906.00,,2906.00
753,293,2,2,2906.00,,2906.00
754,294,1,2,2906.00,,2906.00
755,294,2,3,3598.00,,3598.00
756,295,1,1,1962.00,,1962.00
757,295,2,2,2906.00,,2906.00
758,295,3,2,2906.00,,2906.00
759,296,1,2,2906.00,,2906.00
760,296,2,3,3598.00,,3598.00
761,297,1,3,3598.00,,3598.00
762,297,2,3,3598.00,,3598.00
763,298,1,3,3598.00,,3598.00
764,298,2,3,3598.00,,3598.00
765,299,1,2,2906.00,,2906.00
766,299,2,3,3598.00,,3598.00
767,300,1,2,2906.00,,2906.00
768,300,2,2,2906.00,,2906.00
769,301,1,3,3598.00,,3598.00
770,301,2,3,3598.00,,3598.00
771,302,1,3,3598.00,,3598.00
772,302,2,3,3598.00,,3598.00
773,302,3,3,3598.00,,3598.00
774,303,1,1,1962.00,,1962.00
775,303,2,1,1962.00,,1962.00
776,303,3,1,1962.00,,1962.00
777,303,4,1,1962.00,,1962.00
778,303,5,1,1962.00,,1962.00
779,304,1,3,3598.00,,3598.00
780,304,2,2,2906.00,,2906.00
781,304,3,2,2906.00,,2906.00
782,305,1,1,1962.00,,1962.00
783,305,2,1,1962.00,,1962.00
784,305,3,1,1962.00,,1962.00
785,306,1,3,3598.00,,3598.00
786,306,2,3,3598.00,,3598.00
787,307,1,2,2906.00,,2906.00
788,307,2,3,3598.00,,3598.00
789,308,1,1,1962.00,,1962.00
790,308,2,2,2906.00,,2906.00
791,309,1,3,3598.00,,3598.00
792,309,2,3,3598.00,,3598.00
793,310,1,2,2906.00,,2906.00
794,310,2,2,2906.00,,2906.00
795,311,1,1,1962.00,,1962.00
796,311,2,1,1962.00,,1962.00
797,312,1,2,2906.00,,2906.00
798,312,2,2,2906.00,,2906.00
799,313,1,1,1962.00,,1962.00
800,313,2,0,1668.00,,1668.00
801,313,3,0,1668.00,,1668.00
802,314,1,1,1962.00,,1962.00
803,314,2,1,1962.00,,1962.00
804,314,3,1,1962.00,,1962.00
805,314,4,1,1962.00,,1962.00
806,314,5,1,1962.00,,1962.00
807,315,1,3,3598.00,,3598.00
808,315,2,3,3598.00,,3598.00
809,315,3,2,2906.00,,2906.00
810,316,1,3,3598.00,,3598.00
811,316,2,3,3598.00,,3598.00
812,317,1,3,3598.00,,3598.00
813,317,2,3,3598.00,,3598.00
814,318,1,3,3598.00,,3598.00
815,318,2,3,3598.00,,3598.00
816,319,1,3,3598.00,,3598.00
817,319,2,2,2906.00,,2906.00
818,320,1,3,3598.00,,3598.00
819,320,2,3,3598.00,,3598.00
820,321,1,3,3598.00,,3598.00
821,321,2,3,3598.00,,3598.00
822,322,1,2,2906.00,,2906.00
823,322,2,2,2906.00,,2906.00
824,323,1,3,3598.00,,3598.00
825,323,2,3,3598.00,,3598.00
826,324,1,2,2906.00,,2906.00
827,324,2,1,1962.00,,1962.00
828,325,1,2,2906.00,,2906.00
829,325,2,2,2906.00,,2906.00
830,326,1,2,2906.00,,2906.00
831,326,2,2,2906.00,,2906.00
832,327,1,2,2906.00,,2906.00
833,327,2,2,2906.00,,2906.00
834,328,1,1,1962.00,,1962.00
835,328,2,1,1962.00,,1962.00
836,329,1,2,2906.00,,2906.00
837,329,2,2,2906.00,,2906.00
838,330,1,1,1962.00,,1962.00
839,330,2,1,1962.00,,1962.00
840,331,1,3,3598.00,,3598.00
841,331,2,3,3598.00,,3598.00
842,332,1,3,3598.00,,3598.00
843,332,2,3,3598.00,,3598.00
844,332,3,4,4290.00,,4290.00
845,333,1,4,4290.00,,4290.00
846,333,2,4,4290.00,,4290.00
847,334,1,5,4982.00,,4982.00
848,334,2,5,4982.00,,4982.00
849,335,1,3,3598.00,,3598.00
850,335,2,3,3598.00,,3598.00
851,335,3,3,3598.00,,3598.00
852,336,1,2,2906.00,,2906.00
853,336,2,2,2906.00,,2906.00
854,336,3,2,2906.00,,2906.00
855,336,4,2,2906.00,,2906.00
856,336,5,1,1962.00,,1962.00
857,336,6,2,2906.00,,2906.00
858,337,1,2,2906.00,,2906.00
859,337,2,3,3598.00,,3598.00
860,338,1,1,1962.00,,1962.00
861,338,2,2,2906.00,,2906.00
862,338,3,1,1962.00,,1962.00
863,339,1,2,2906.00,,2906.00
864,339,2,2,2906.00,,2906.00
865,339,3,2,2906.00,,2906.00
866,340,1,2,2906.00,,2906.00
867,340,2,2,2906.00,,2906.00
868,340,3,1,1962.00,,1962.00
869,341,1,1,1962.00,,1962.00
870,341,2,2,2906.00,,2906.00
871,341,3,1,1962.00,,1962.00
872,342,1,2,2906.00,,2906.00
873,342,2,2,2906.00,,2906.00
874,343,1,3,3598.00,,3598.00
875,343,2,3,3598.00,,3598.00
876,344,1,3,3598.00,,3598.00
877,344,2,3,3598.00,,3598.00
878,344,3,2,2906.00,,2906.00
879,344,4,2,2906.00,,2906.00
880,345,1,2,2906.00,,2906.00
881,345,2,2,2906.00,,2906.00
882,346,1,1,1962.00,,1962.00
883,346,2,1,1962.00,,1962.00
884,346,3,2,2906.00,,2906.00
885,347,1,3,3598.00,,3598.00
886,347,2,3,3598.00,,3598.00
887,348,1,1,1962.00,,1962.00
888,348,2,2,2906.00,,2906.00
889,348,3,1,1962.00,,1962.00
890,348,4,2,2906.00,,2906.00
891,349,1,3,3598.00,,3598.00
892,349,2,3,3598.00,,3598.00
893,350,1,3,3598.00,,3598.00
894,350,2,3,3598.00,,3598.00
895,351,1,4,4290.00,,4290.00
896,351,2,4,4290.00,,4290.00
897,352,1,2,2906.00,,2906.00
898,352,2,2,2906.00,,2906.00
899,353,1,1,1962.00,,1962.00
900,353,2,2,2906.00,,2906.00
901,354,1,1,1962.00,,1962.00
902,354,2,1,1962.00,,1962.00
903,354,3,1,1962.00,,1962.00
904,354,4,1,1962.00,,1962.00
905,354,5,1,1962.00,,1962.00
906,354,6,1,1962.00,,1962.00
907,355,1,3,3598.00,,3598.00
908,355,2,3,3598.00,,3598.00
909,356,1,4,4290.00,,4290.00
910,356,2,4,4290.00,,4290.00
911,357,1,3,3598.00,,3598.00
912,357,2,3,3598.00,,3598.00
913,358,1,3,3598.00,,3598.00
914,358,2,2,2906.00,,2906.00
915,359,1,3,3598.00,,3598.00
916,359,2,3,3598.00,,3598.00
917,360,1,3,3598.00,,3598.00
918,360,2,3,3598.00,,3598.00
919,361,1,2,2906.00,,2906.00
920,361,2,3,3598.00,,3598.00
921,362,1,1,1962.00,,1962.00
922,362,2,1,1962.00,,1962.00
923,362,3,1,1962.00,,1962.00
924,362,4,1,1962.00,,1962.00
925,363,1,1,1962.00,,1962.00
926,363,2,0,1668.00,,1668.00
927,363,3,1,1962.00,,1962.00
928,363,4,1,1962.00,,1962.00
929,364,1,3,3598.00,,3598.00
930,364,2,3,3598.00,,3598.00
931,364,3,3,3598.00,,3598.00
932,365,1,3,3598.00,,3598.00
933,365,2,3,3598.00,,3598.00
934,366,1,2,2906.00,,2906.00
935,366,2,2,2906.00,,2906.00
936,366,3,2,2906.00,,2906.00
937,367,1,3,3598.00,,3598.00
938,367,2,3,3598.00,,3598.00
939,368,1,1,1962.00,,1962.00
940,368,2,1,1962.00,,1962.00
941,369,1,3,3598.00,,3598.00
942,369,2,3,3598.00,,3598.00
943,370,1,2,2906.00,,2906.00
944,370,2,1,1962.00,,1962.00
945,371,1,2,2906.00,,2906.00
946,371,2,1,1962.00,,1962.00
947,372,1,2,2906.00,,2906.00
948,372,2,2,2906.00,,2906.00
949,373,1,2,2906.00,,2906.00
950,373,2,1,1962.00,,1962.00
951,374,1,2,2906.00,,2906.00
952,374,2,2,2906.00,,2906.00
953,375,1,2,2906.00,,2906.00
954,375,2,2,2906.00,,2906.00
955,376,1,1,1962.00,,1962.00
956,376,2,1,1962.00,,1962.00
957,377,1,3,3598.00,,3598.00
958,377,2,2,2906.00,,2906.00
959,378,1,2,2906.00,,2906.00
960,378,2,2,2906.00,,2906.00
961,379,1,1,1962.00,,1962.00
962,379,2,2,2906.00,,2906.00
963,380,1,2,2906.00,,2906.00
964,380,2,3,3598.00,,3598.00
965,381,1,2,2906.00,,2906.00
966,381,2,2,2906.00,,2906.00
967,381,3,2,2906.00,,2906.00
968,382,1,2,2906.00,,2906.00
969,382,2,3,3598.00,,3598.00
970,383,1,2,2906.00,,2906.00
971,383,2,3,3598.00,,3598.00
972,384,1,1,1962.00,,1962.00
973,384,2,1,1962.00,,1962.00
974,384,3,2,2906.00,,2906.00
975,384,4,1,1962.00,,1962.00
976,384,5,1,1962.00,,1962.00
977,385,1,2,2906.00,,2906.00
978,385,2,3,3598.00,,3598.00
979,385,3,2,2906.00,,2906.00
980,386,1,1,1962.00,,1962.00
981,386,2,1,1962.00,,1962.00
982,386,3,1,1962.00,,1962.00
983,386,4,1,1962.00,,1962.00
984,386,5,1,1962.00,,1962.00
985,386,6,1,1962.00,,1962.00
986,386,7,1,1962.00,,1962.00
987,387,1,2,2906.00,,2906.00
988,387,2,2,2906.00,,2906.00
989,387,3,2,2906.00,,2906.00
990,388,1,2,2906.00,,2906.00
991,388,2,3,3598.00,,3598.00
992,389,1,3,3598.00,,3598.00
993,389,2,3,3598.00,,3598.00
994,390,1,3,3598.00,,3598.00
995,390,2,3,3598.00,,3598.00
996,391,1,1,1962.00,,1962.00
997,391,2,2,2906.00,,2906.00
998,392,1,2,2906.00,,2906.00
999,392,2,1,1962.00,,1962.00
1000,392,3,2,2906.00,,2906.00
1001,393,1,3,3598.00,,3598.00
1002,393,2,4,4290.00,,4290.00
1003,394,1,2,2906.00,,2906.00
1004,394,2,2,2906.00,,2906.00
1005,395,1,3,3598.00,,3598.00
1006,395,2,3,3598.00,,3598.00
1007,396,1,3,3598.00,,3598.00
1008,396,2,3,3598.00,,3598.00
1009,397,1,3,3598.00,,3598.00
1010,397,2,3,3598.00,,3598.00
1011,398,1,3,3598.00,,3598.00
1012,398,2,3,3598.00,,3598.00
1013,399,1,3,3598.00,,3598.00
1014,399,2,2,2906.00,,2906.00
1015,400,1,2,2906.00,,2906.00
1016,400,2,2,2906.00,,2906.00
1017,401,1,2,2906.00,,2906.00
1018,401,2,2,2906.00,,2906.00
1019,401,3,2,2906.00,,2906.00
1020,402,1,3,3598.00,,3598.00
1021,402,2,3,3598.00,,3598.00
1022,403,1,1,1962.00,,1962.00
1023,403,2,1,1962.00,,1962.00
1024,404,1,2,2906.00,,2906.00
1025,404,2,2,2906.00,,2906.00
1026,405,1,2,2906.00,,2906.00
1027,405,2,2,2906.00,,2906.00
1028,406,1,1,1962.00,,1962.00
1029,406,2,2,2906.00,,2906.00
1030,406,3,1,1962.00,,1962.00
1031,407,1,1,1962.00,,1962.00
1032,407,2,1,1962.00,,1962.00
1033,408,1,2,2906.00,,2906.00
1034,408,2,2,2906.00,,2906.00
1035,408,3,1,1962.00,,1962.00
1036,408,4,1,1962.00,,1962.00
1037,409,1,2,2906.00,,2906.00
1038,409,2,2,2906.00,,2906.00
1039,409,3,2,2906.00,,2906.00
1040,410,1,3,3598.00,,3598.00
1041,410,2,3,3598.00,,3598.00
1042,410,3,3,3598.00,,3598.00
1043,410,4,3,3598.00,,3598.00
1044,411,1,2,2906.00,,2906.00
1045,411,2,3,3598.00,,3598.00
1046,412,1,2,2906.00,,2906.00
1047,412,2,2,2906.00,,2906.00
1048,413,1,2,2906.00,,2906.00
1049,413,2,3,3598.00,,3598.00
1050,414,1,2,2906.00,,2906.00
1051,414,2,2,2906.00,,2906.00
1052,415,1,1,1962.00,,1962.00
1053,415,2,1,1962.00,,1962.00
1054,416,1,2,2906.00,,2906.00
1055,416,2,2,2906.00,,2906.00
1056,417,1,2,2906.00,,2906.00
1057,417,2,2,2906.00,,2906.00
1058,418,1,1,1962.00,,1962.00
1059,418,2,1,1962.00,,1962.00
1060,419,1,3,3598.00,,3598.00
1061,419,2,2,2906.00,,2906.00
1062,420,1,2,2906.00,,2906.00
1063,420,2,3,3598.00,,3598.00
1064,421,1,2,2906.00,,2906.00
1065,421,2,2,2906.00,,2906.00
1066,422,1,2,2906.00,,2906.00
1067,422,2,2,2906.00,,2906.00
1068,423,1,2,2906.00,,2906.00
1069,423,2,2,2906.00,,2906.00
1070,424,1,3,3598.00,,3598.00
1071,424,2,3,3598.00,,3598.00
1072,425,1,1,1962.00,,1962.00
1073,425,2,2,2906.00,,2906.00
1074,426,1,3,3598.00,,3598.00
1075,426,2,2,2906.00,,2906.00
1076,427,1,3,3598.00,,3598.00
1077,427,2,3,3598.00,,3598.00
1078,428,1,2,2906.00,,2906.00
1079,428,2,2,2906.00,,2906.00
1080,429,1,3,3598.00,,3598.00
1081,429,2,3,3598.00,,3598.00
1082,430,1,2,2906.00,,2906.00
1083,430,2,2,2906.00,,2906.00
1084,431,1,2,2906.00,,2906.00
1085,431,2,2,2906.00,,2906.00
1086,432,1,3,3598.00,,3598.00
1087,432,2,3,3598.00,,3598.00
1088,433,1,2,2906.00,,2906.00
1089,433,2,2,2906.00,,2906.00
1090,434,1,4,4290.00,,4290.00
1091,434,2,4,4290.00,,4290.00
1092,435,1,3,3598.00,,3598.00
1093,435,2,3,3598.00,,3598.00
1094,436,1,1,1962.00,,1962.00
1095,436,2,1,1962.00,,1962.00
1096,436,3,2,2906.00,,2906.00
1097,436,4,2,2906.00,,2906.00
1098,436,5,1,1962.00,,1962.00
1099,436,6,1,1962.00,,1962.00
1100,436,7,1,1962.00,,1962.00
1101,437,1,3,3598.00,,3598.00
1102,437,2,3,3598.00,,3598.00
1103,438,1,2,2906.00,,2906.00
1104,438,2,2,2906.00,,2906.00
1105,439,1,3,3598.00,,3598.00
1106,439,2,4,4290.00,,4290.00
1107,440,1,2,2906.00,,2906.00
1108,440,2,2,2906.00,,2906.00
1109,441,1,1,1962.00,,1962.00
1110,441,2,1,1962.00,,1962.00
1111,441,3,0,1668.00,,1668.00
1112,441,4,0,1668.00,,1668.00
1113,441,5,1,1962.00,,1962.00
1114,442,1,2,2906.00,,2906.00
1115,442,2,2,2906.00,,2906.00
1116,443,1,3,3598.00,,3598.00
1117,443,2,3,3598.00,,3598.00
1118,444,1,2,2906.00,,2906.00
1119,444,2,2,2906.00,,2906.00
1120,445,1,2,2906.00,,2906.00
1121,445,2,2,2906.00,,2906.00
1122,446,1,3,3598.00,,3598.00
1123,446,2,2,2906.00,,2906.00
1124,446,3,3,3598.00,,3598.00
1125,447,1,3,3598.00,,3598.00
1126,447,2,3,3598.00,,3598.00
1127,448,1,3,3598.00,,3598.00
1128,448,2,3,3598.00,,3598.00
1129,449,1,2,2906.00,,2906.00
1130,449,2,2,2906.00,,2906.00
1131,450,1,1,1962.00,,1962.00
1132,450,2,2,2906.00,,2906.00
1133,451,1,1,1962.00,,1962.00
1134,451,2,2,2906.00,,2906.00
1135,451,3,2,2906.00,,2906.00
1136,451,4,2,2906.00,,2906.00
1137,452,1,1,1962.00,,1962.00
1138,452,2,1,1962.00,,1962.00
1139,452,3,1,1962.00,,1962.00
1140,452,4,1,1962.00,,1962.00
1141,452,5,1,1962.00,,1962.00
1142,453,1,2,2906.00,,2906.00
1143,453,2,2,2906.00,,2906.00
1144,454,1,3,3598.00,,3598.00
1145,454,2,3,3598.00,,3598.00
1146,455,1,2,2906.00,,2906.00
1147,455,2,2,2906.00,,2906.00
1148,456,1,4,4290.00,,4290.00
1149,456,2,4,4290.00,,4290.00
1150,457,1,3,3598.00,,3598.00
1151,457,2,3,3598.00,,3598.00
1152,458,1,3,3598.00,,3598.00
1153,458,2,3,3598.00,,3598.00
1154,459,1,3,3598.00,,3598.00
1155,459,2,3,3598.00,,3598.00
1156,460,1,2,2906.00,,2906.00
1157,460,2,2,2906.00,,2906.00
1158,461,1,2,2906.00,,2906.00
1159,461,2,2,2906.00,,2906.00
1160,462,1,2,2906.00,,2906.00
1161,462,2,2,2906.00,,2906.00
1162,463,1,2,2906.00,,2906.00
1163,463,2,2,2906.00,,2906.00
1164,464,1,2,2906.00,,2906.00
1165,464,2,2,2906.00,,2906.00
1166,465,1,2,2906.00,,2906.00
1167,465,2,2,2906.00,,2906.00
1168,466,1,3,3598.00,,3598.00
1169,466,2,3,3598.00,,3598.00
1170,467,1,2,2906.00,,2906.00
1171,467,2,2,2906.00,,2906.00
1172,468,1,3,3598.00,,3598.00
1173,468,2,2,2906.00,,2906.00
1174,469,1,3,3598.00,,3598.00
1175,469,2,3,3598.00,,3598.00
1176,470,1,2,2906.00,,2906.00
1177,470,2,1,1962.00,,1962.00
1178,471,1,3,3598.00,,3598.00
1179,471,2,3,3598.00,,3598.00
1180,472,1,1,1962.00,,1962.00
1181,472,2,1,1962.00,,1962.00
1182,473,1,2,2906.00,,2906.00
1183,473,2,2,2906.00,,2906.00
1184,474,1,3,3598.00,,3598.00
1185,474,2,3,3598.00,,3598.00
1186,475,1,3,3598.00,,3598.00
1187,475,2,4,4290.00,,4290.00
1188,476,1,1,1962.00,,1962.00
1189,476,2,1,1962.00,,1962.00
1190,476,3,1,1962.00,,1962.00
1191,477,1,3,3598.00,,3598.00
1192,477,2,2,2906.00,,2906.00
1193,477,3,2,2906.00,,2906.00
1194,478,1,3,3598.00,,3598.00
1195,478,2,4,4290.00,,4290.00
1196,479,1,3,3598.00,,3598.00
1197,479,2,3,3598.00,,3598.00
1198,480,1,3,3598.00,,3598.00
1199,480,2,2,2906.00,,2906.00
1200,480,3,2,2906.00,,2906.00
1201,481,1,2,2906.00,,2906.00
1202,481,2,3,3598.00,,3598.00
1203,482,1,1,1962.00,,1962.00
1204,482,2,1,1962.00,,1962.00
1205,483,1,2,2906.00,,2906.00
1206,483,2,1,1962.00,,1962.00
1207,483,3,2,2906.00,,2906.00
1208,483,4,1,1962.00,,1962.00
1209,484,1,3,3598.00,,3598.00
1210,484,2,3,3598.00,,3598.00
1211,485,1,3,3598.00,,3598.00
1212,485,2,3,3598.00,,3598.00
1213,486,1,2,2906.00,,2906.00
1214,486,2,2,2906.00,,2906.00
1215,487,1,2,2906.00,,2906.00
1216,487,2,2,2906.00,,2906.00
1217,488,1,3,3598.00,,3598.00
1218,488,2,2,2906.00,,2906.00
1219,489,1,2,2906.00,,2906.00
1220,489,2,2,2906.00,,2906.00
1221,489,3,2,2906.00,,2906.00
1222,490,1,1,1962.00,,1962.00
1223,490,2,1,1962.00,,1962.00
1224,490,3,1,1962.00,,1962.00
1225,490,4,2,2906.00,,2906.00
1226,490,5,1,1962.00,,1962.00
1227,490,6,1,1962.00,,1962.00
1228,491,1,3,3598.00,,3598.00
1229,491,2,3,3598.00,,3598.00
1230,492,1,2,2906.00,,2906.00
1231,492,2,2,2906.00,,2906.00
1232,492,3,2,2906.00,,2906.00
1233,493,1,2,2906.00,,2906.00
1234,493,2,1,1962.00,,1962.00
1235,493,3,2,2906.00,,2906.00
1236,494,1,2,2906.00,,2906.00
1237,494,2,2,2906.00,,2906.00
1238,495,1,0,1668.00,,1668.00
1239,495,2,1,1962.00,,1962.00
1240,495,3,1,1962.00,,1962.00
1241,495,4,0,1668.00,,1668.00
1242,495,5,0,1668.00,,1668.00
1243,495,6,0,1668.00,,1668.00
1244,495,7,0,1668.00,,1668.00
1245,495,8,0,1668.00,,1668.00
1246,496,1,4,4290.00,,4290.00
1247,496,2,3,3598.00,,3598.00
1248,496,3,4,4290.00,,4290.00
1249,497,1,1,1962.00,,1962.00
1250,497,2,1,1962.00,,1962.00
1251,497,3,0,1668.00,,1668.00
1252,497,4,0,1668.00,,1668.00
1253,497,5,1,1962.00,,1962.00
1254,497,6,1,1962.00,,1962.00
1255,498,1,2,2906.00,,2906.00
1256,498,2,1,1962.00,,1962.00
1257,499,1,2,2906.00,,2906.00
1258,499,2,2,2906.00,,2906.00
1259,500,1,2,2906.00,,2906.00
1260,500,2,2,2906.00,,2906.00
1261,501,1,2,2906.00,,2906.00
1262,501,2,2,2906.00,,2906.00
1263,501,3,2,2906.00,,2906.00
1264,502,1,3,3598.00,,3598.00
1265,502,2,3,3598.00,,3598.00
1266,503,1,2,2906.00,,2906.00
1267,503,2,3,3598.00,,3598.00
1268,504,1,3,3598.00,,3598.00
1269,504,2,3,3598.00,,3598.00
1270,504,3,3,3598.00,,3598.00
1271,505,1,2,2906.00,,2906.00
1272,505,2,2,2906.00,,2906.00
1273,505,3,2,2906.00,,2906.00
1274,506,1,3,3598.00,,3598.00
1275,506,2,3,3598.00,,3598.00
1276,507,1,3,3598.00,,3598.00
1277,507,2,3,3598.00,,3598.00
1278,508,1,3,3598.00,,3598.00
1279,508,2,3,3598.00,,3598.00
1280,509,1,4,4290.00,,4290.00
1281,509,2,4,4290.00,,4290.00
1282,510,1,3,3598.00,,3598.00
1283,510,2,3,3598.00,,3598.00
1284,510,3,3,3598.00,,3598.00
1285,511,1,3,3598.00,,3598.00
1286,511,2,2,2906.00,,2906.00
1287,512,1,3,3598.00,,3598.00
1288,512,2,3,3598.00,,3598.00
1289,512,3,3,3598.00,,3598.00
1290,513,1,2,2906.00,,2906.00
1291,513,2,2,2906.00,,2906.00
1292,513,3,2,2906.00,,2906.00
1293,513,4,1,1962.00,,1962.00
1294,514,1,2,2906.00,,2906.00
1295,514,2,3,3598.00,,3598.00
1296,515,1,2,2906.00,,2906.00
1297,515,2,1,1962.00,,1962.00
1298,515,3,2,2906.00,,2906.00
1299,516,1,2,2906.00,,2906.00
1300,516,2,2,2906.00,,2906.00
1301,516,3,2,2906.00,,2906.00
1302,517,1,2,2906.00,,2906.00
1303,517,2,2,2906.00,,2906.00
1304,518,1,3,3598.00,,3598.00
1305,518,2,3,3598.00,,3598.00
1306,519,1,2,2906.00,,2906.00
1307,519,2,1,1962.00,,1962.00
1308,519,3,2,2906.00,,2906.00
1309,520,1,2,2906.00,,2906.00
1310,520,2,2,2906.00,,2906.00
1311,521,1,1,1962.00,,1962.00
1312,521,2,2,2906.00,,2906.00
1313,521,3,2,2906.00,,2906.00
1314,521,4,1,1962.00,,1962.00
1315,522,1,3,3598.00,,3598.00
1316,522,2,3,3598.00,,3598.00
1317,523,1,3,3598.00,,3598.00
1318,523,2,3,3598.00,,3598.00
1319,524,1,4,4290.00,,4290.00
1320,524,2,4,4290.00,,4290.00
1321,525,1,2,2906.00,,2906.00
1322,525,2,2,2906.00,,2906.00
1323,526,1,2,2906.00,,2906.00
1324,526,2,1,1962.00,,1962.00
1325,527,1,3,3598.00,,3598.00
1326,527,2,3,3598.00,,3598.00
1327,528,1,4,4290.00,,4290.00
1328,528,2,3,3598.00,,3598.00
1329,529,1,3,3598.00,,3598.00
1330,529,2,3,3598.00,,3598.00
1331,530,1,1,1962.00,,1962.00
1332,530,2,1,1962.00,,1962.00
1333,531,1,5,4982.00,,4982.00
1334,531,2,5,4982.00,,4982.00
1335,532,1,5,4982.00,,4982.00
1336,532,2,5,4982.00,,4982.00
1337,533,1,2,2906.00,,2906.00
1338,533,2,3,3598.00,,3598.00
1339,534,1,2,2906.00,,2906.00
1340,534,2,2,2906.00,,2906.00
1341,535,1,1,1962.00,,1962.00
1342,535,2,2,2906.00,,2906.00
1343,536,1,1,1962.00,,1962.00
1344,536,2,1,1962.00,,1962.00
1345,537,1,1,1962.00,,1962.00
1346,537,2,2,2906.00,,2906.00
1347,537,3,1,1962.00,,1962.00
1348,537,4,2,2906.00,,2906.00
1349,537,5,1,1962.00,,1962.00
1350,537,6,1,1962.00,,1962.00
1351,538,1,1,1962.00,,1962.00
1352,538,2,1,1962.00,,1962.00
1353,538,3,1,1962.00,,1962.00
1354,538,4,1,1962.00,,1962.00
1355,538,5,2,2906.00,,2906.00
1356,538,6,1,1962.00,,1962.00
1357,539,1,1,1962.00,,1962.00
1358,539,2,1,1962.00,,1962.00
1359,540,1,3,3598.00,,3598.00
1360,540,2,3,3598.00,,3598.00
1361,541,1,1,1962.00,,1962.00
1362,541,2,0,1668.00,,1668.00
1363,542,1,0,1668.00,,1668.00
1364,542,2,0,1668.00,,1668.00
1365,542,3,1,1962.00,,1962.00
1366,542,4,0,1668.00,,1668.00
1367,542,5,0,1668.00,,1668.00
1368,542,6,0,1668.00,,1668.00
1369,543,1,2,2906.00,,2906.00
1370,543,2,2,2906.00,,2906.00
1371,544,1,2,2906.00,,2906.00
1372,544,2,2,2906.00,,2906.00
1373,545,1,3,3598.00,,3598.00
1374,545,2,3,3598.00,,3598.00
1375,546,1,4,4290.00,,4290.00
1376,546,2,4,4290.00,,4290.00
1377,547,1,2,2906.00,,2906.00
1378,547,2,3,3598.00,,3598.00
1379,548,1,2,2906.00,,2906.00
1380,548,2,2,2906.00,,2906.00
1381,549,1,3,3598.00,,3598.00
1382,549,2,3,3598.00,,3598.00
1383,550,1,3,3598.00,,3598.00
1384,550,2,3,3598.00,,3598.00
1385,551,1,1,1962.00,,1962.00
1386,551,2,1,1962.00,,1962.00
1387,551,3,1,1962.00,,1962.00
1388,551,4,0,1668.00,,1668.00
1389,551,5,1,1962.00,,1962.00
1390,551,6,1,1962.00,,1962.00
1391,552,1,3,3598.00,,3598.00
1392,552,2,2,2906.00,,2906.00
1393,553,1,3,3598.00,,3598.00
1394,553,2,3,3598.00,,3598.00
1395,554,1,2,2906.00,,2906.00
1396,554,2,2,2906.00,,2906.00
1397,555,1,3,3598.00,,3598.00
1398,555,2,2,2906.00,,2906.00
1399,556,1,3,3598.00,,3598.00
1400,556,2,3,3598.00,,3598.00
1401,557,1,0,1668.00,,1668.00
1402,557,2,1,1962.00,,1962.00
1403,557,3,1,1962.00,,1962.00
1404,558,1,2,2906.00,,2906.00
1405,558,2,2,2906.00,,2906.00
1406,559,1,2,2906.00,,2906.00
1407,559,2,2,2906.00,,2906.00
1408,559,3,2,2906.00,,2906.00
1409,559,4,2,2906.00,,2906.00
1410,559,5,2,2906.00,,2906.00
1411,560,1,2,2906.00,,2906.00
1412,560,2,1,1962.00,,1962.00
1413,561,1,3,3598.00,,3598.00
1414,561,2,3,3598.00,,3598.00
1415,562,1,2,2906.00,,2906.00
1416,562,2,2,2906.00,,2906.00
1417,562,3,2,2906.00,,2906.00
1418,562,4,2,2906.00,,2906.00
1419,563,1,0,1668.00,,1668.00
1420,563,2,1,1962.00,,1962.00
1421,563,3,0,1668.00,,1668.00
1422,563,4,1,1962.00,,1962.00
1423,563,5,1,1962.00,,1962.00
1424,563,6,1,1962.00,,1962.00
1425,564,1,1,1962.00,,1962.00
1426,564,2,1,1962.00,,1962.00
1427,565,1,2,2906.00,,2906.00
1428,565,2,2,2906.00,,2906.00
1429,566,1,3,3598.00,,3598.00
1430,566,2,3,3598.00,,3598.00
1431,567,1,2,2906.00,,2906.00
1432,567,2,2,2906.00,,2906.00
1433,568,1,2,2906.00,,2906.00
1434,568,2,2,2906.00,,2906.00
1435,569,1,2,2906.00,,2906.00
1436,569,2,2,2906.00,,2906.00
1437,569,3,1,1962.00,,1962.00
1438,570,1,1,1962.00,,1962.00
1439,570,2,1,1962.00,,1962.00
1440,571,1,1,1962.00,,1962.00
1441,571,2,1,1962.00,,1962.00
1442,572,1,2,2906.00,,2906.00
1443,572,2,2,2906.00,,2906.00
1444,573,1,2,2906.00,,2906.00
1445,573,2,2,2906.00,,2906.00
1446,573,3,1,1962.00,,1962.00
1447,573,4,2,2906.00,,2906.00
1448,573,5,2,2906.00,,2906.00
1449,573,6,2,2906.00,,2906.00
1450,574,1,2,2906.00,,2906.00
1451,574,2,2,2906.00,,2906.00
1452,575,1,1,1962.00,,1962.00
1453,575,2,2,2906.00,,2906.00
1454,576,1,2,2906.00,,2906.00
1455,576,2,2,2906.00,,2906.00
1456,577,1,2,2906.00,,2906.00
1457,577,2,3,3598.00,,3598.00
1458,578,1,1,1962.00,,1962.00
1459,578,2,2,2906.00,,2906.00
1460,579,1,2,2906.00,,2906.00
1461,579,2,2,2906.00,,2906.00
1462,580,1,2,2906.00,,2906.00
1463,580,2,2,2906.00,,2906.00
1464,581,1,2,2906.00,,2906.00
1465,581,2,1,1962.00,,1962.00
1466,581,3,2,2906.00,,2906.00
1467,582,1,1,1962.00,,1962.00
1468,582,2,2,2906.00,,2906.00
1469,583,1,1,1962.00,,1962.00
1470,583,2,1,1962.00,,1962.00
1471,584,1,2,2906.00,,2906.00
1472,584,2,2,2906.00,,2906.00
1473,585,1,2,2906.00,,2906.00
1474,585,2,2,2906.00,,2906.00
1475,586,1,3,3598.00,,3598.00
1476,586,2,3,3598.00,,3598.00
1477,587,1,4,4290.00,,4290.00
1478,587,2,4,4290.00,,4290.00
