property_id,year_built,base_price,address,town,state,property_style,total_units,owned_at_start,acquisition_basis,acquisition_date
1,1900,855391.12,F_819696_3025473,Beverly,MA,Two-Family Residential,2,,,
2,1890,762790.70,F_819624_3026337,Beverly,MA,Two-Family Residential,2,,,
3,1900,880972.52,F_819612_3026221,Beverly,MA,Two-Family Residential,2,,,
4,1920,766279.07,F_819685_3026240,Beverly,MA,Two-Family Residential,2,,,
5,1930,767758.99,F_819832_3026796,Beverly,MA,Two-Family Residential,2,,,
6,1900,922304.44,F_819656_3025694,Beverly,MA,Two-Family Residential,2,,,
7,1900,1064270.61,F_820131_3026146,Beverly,MA,Apartments with Four to Eight Units,4,,,
8,1930,743551.80,F_820181_3026129,Beverly,MA,Two-Family Residential,2,,,
9,1925,880443.97,F_819825_3025931,Beverly,MA,Three-Family Residential,3,,,
10,1905,1071035.94,F_819908_3026002,Beverly,MA,Apartments with Four to Eight Units,4,,,
11,1925,702959.83,F_819776_3026016,Beverly,MA,Two-Family Residential,2,,,
12,1897,813847.78,F_819597_3026036,Beverly,MA,Two-Family Residential,2,,,
13,1900,894291.75,F_819821_3025566,Beverly,MA,Two-Family Residential,2,,,
14,1930,753699.79,F_819947_3025581,Beverly,MA,Two-Family Residential,2,,,
15,1930,842706.13,F_820021_3025667,Beverly,MA,Three-Family Residential,3,,,
16,1930,811310.78,F_820049_3025704,Beverly,MA,Three-Family Residential,3,,,
17,1930,1004651.16,F_820073_3025736,Beverly,MA,Three-Family Residential,3,,,
18,1925,821141.65,F_820099_3025781,Beverly,MA,Two-Family Residential,2,,,
19,1850,916173.36,F_820133_3025835,Beverly,MA,Two-Family Residential,2,,,
20,1900,862262.16,F_820191_3025987,Beverly,MA,Two-Family Residential,2,,,
21,1920,764376.32,F_819920_3025773,Beverly,MA,Two-Family Residential,2,,,
22,1935,822198.73,F_819890_3025732,Beverly,MA,Two-Family Residential,2,,,
23,1924,844080.34,F_820222_3025455,Beverly,MA,Two-Family Residential,2,,,
24,1900,799682.88,F_820368_3025877,Beverly,MA,Three-Family Residential,3,,,
25,1900,893868.92,F_820291_3025830,Beverly,MA,Two-Family Residential,2,,,
26,1910,852537.00,F_820302_3025764,Beverly,MA,Two-Family Residential,2,,,
27,1900,902642.71,F_820280_3025707,Beverly,MA,Two-Family Residential,2,,,
28,1900,761627.91,F_820470_3025866,Beverly,MA,Two-Family Residential,2,,,
29,1753,900951.37,F_819772_3025411,Beverly,MA,Two-Family Residential,2,,,
30,1900,862262.16,F_820441_3025699,Beverly,MA,Two-Family Residential,2,,,
31,1900,743128.96,F_820672_3025556,Beverly,MA,Two-Family Residential,2,,,
32,1900,900528.54,F_820533_3022718,Beverly,MA,Two-Family Residential,2,,,
33,1900,826638.48,F_822823_3026538,Beverly,MA,Two-Family Residential,2,,,
34,1910,874630.02,F_822870_3026523,Beverly,MA,Three-Family Residential,3,,,
35,1991,893974.63,F_823000_3026523,Beverly,MA,Two-Family Residential,2,,,
36,1880,858668.08,F_822955_3026582,Beverly,MA,Three-Family Residential,3,,,
37,1880,838054.97,F_822819_3026622,Beverly,MA,Two-Family Residential,2,,,
38,1910,852854.12,F_822651_3026324,Beverly,MA,Three-Family Residential,3,,,
39,1900,912262.16,F_822707_3026319,Beverly,MA,Three-Family Residential,3,,,
40,1910,807188.16,F_822755_3026317,Beverly,MA,Two-Family Residential,2,,,
41,1920,815961.95,F_822856_3026286,Beverly,MA,Two-Family Residential,2,,,
42,1910,996088.79,F_822918_3026255,Beverly,MA,Three-Family Residential,3,,,
43,1920,863847.78,F_822942_3026329,Beverly,MA,Two-Family Residential,2,,,
44,1910,939746.30,F_822833_3026398,Beverly,MA,Three-Family Residential,3,,,
45,1915,896300.21,F_822741_3026426,Beverly,MA,Three-Family Residential,3,,,
46,1915,1860042.28,F_822501_3026243,Beverly,MA,Apartments with Four to Eight Units,6,,,
47,1910,1218921.78,F_822477_3026129,Beverly,MA,Apartments with Four to Eight Units,4,,,
48,1910,802748.41,F_822491_3026177,Beverly,MA,Three-Family Residential,3,,,
49,1900,433086.68,F_822608_3026189,Beverly,MA,Three-Family Residential,3,,,
50,1880,815539.11,F_822591_3026117,Beverly,MA,Two-Family Residential,2,,,
51,1808,821353.07,F_822713_3026079,Beverly,MA,Two-Family Residential,2,,,
52,1900,912896.41,F_822765_3026064,Beverly,MA,Three-Family Residential,3,,,
53,1900,1206025.37,F_822813_3026046,Beverly,MA,Apartments with Four to Eight Units,4,,,
54,1911,856448.20,F_822863_3026035,Beverly,MA,Two-Family Residential,2,,,
55,1920,938266.38,F_822895_3026130,Beverly,MA,Three-Family Residential,3,,,
56,1900,727906.98,F_822858_3026140,Beverly,MA,Two-Family Residential,2,,,
57,1910,942177.59,F_822814_3026154,Beverly,MA,Three-Family Residential,3,,,
58,1910,848414.38,F_822763_3026170,Beverly,MA,Three-Family Residential,3,,,
59,1910,717230.44,F_822718_3026184,Beverly,MA,Three-Family Residential,3,,,
60,1910,788794.93,F_822673_3026197,Beverly,MA,Three-Family Residential,3,,,
61,1906,875369.98,F_822624_3026236,Beverly,MA,Three-Family Residential,3,,,
62,1800,928752.64,F_822325_3025919,Beverly,MA,Three-Family Residential,3,,,
63,1989,857082.45,F_822365_3025909,Beverly,MA,Two-Family Residential,2,,,
64,1900,936575.05,F_822426_3025898,Beverly,MA,Three-Family Residential,3,,,
65,1880,783932.35,F_822496_3025887,Beverly,MA,Two-Family Residential,2,,,
66,1880,748097.25,F_822548_3025877,Beverly,MA,Two-Family Residential,2,,,
67,1900,898731.50,F_822661_3025839,Beverly,MA,Two-Family Residential,2,,,
68,1900,761945.03,F_822690_3025896,Beverly,MA,Two-Family Residential,2,,,
69,1872,957716.70,F_822690_3025956,Beverly,MA,Two-Family Residential,2,,,
70,1900,823572.94,F_822642_3025947,Beverly,MA,Two-Family Residential,2,,,
71,1900,1498097.25,F_822198_3025954,Beverly,MA,Apartments with Four to Eight Units,5,,,
72,1900,913213.53,F_822583_3025655,Beverly,MA,Three-Family Residential,3,,,
73,1910,824630.02,F_822717_3025649,Beverly,MA,Two-Family Residential,2,,,
74,1900,817653.28,F_822777_3025636,Beverly,MA,Two-Family Residential,2,,,
75,1900,704862.58,F_822818_3025633,Beverly,MA,Two-Family Residential,2,,,
76,1920,757610.99,F_822855_3025629,Beverly,MA,Three-Family Residential,3,,,
77,1900,835095.14,F_822909_3025625,Beverly,MA,Three-Family Residential,3,,,
78,1930,778964.06,F_822924_3025667,Beverly,MA,Two-Family Residential,2,,,
79,1925,775898.52,F_822829_3025687,Beverly,MA,Two-Family Residential,2,,,
80,1880,854334.04,F_822782_3025697,Beverly,MA,Two-Family Residential,2,,,
81,1880,931712.47,F_822688_3025722,Beverly,MA,Three-Family Residential,3,,,
82,1880,897885.84,F_822637_3025730,Beverly,MA,Two-Family Residential,2,,,
83,1900,836575.05,F_822588_3025738,Beverly,MA,Two-Family Residential,2,,,
84,1880,973678.65,F_822495_3025754,Beverly,MA,Three-Family Residential,3,,,
85,1880,686997.89,F_822451_3025760,Beverly,MA,Two-Family Residential,2,,,
86,1900,1492177.59,F_822395_3025778,Beverly,MA,Apartments with Four to Eight Units,4,,,
87,1900,976109.94,F_823143_3025492,Beverly,MA,Three-Family Residential,3,,,
88,1900,768816.07,F_823101_3025500,Beverly,MA,Two-Family Residential,2,,,
89,1900,917653.28,F_822900_3025526,Beverly,MA,Three-Family Residential,3,,,
90,1900,903276.96,F_822825_3025527,Beverly,MA,Three-Family Residential,3,,,
91,1900,822938.69,F_822765_3025528,Beverly,MA,Two-Family Residential,2,,,
92,1900,890591.97,F_822667_3025523,Beverly,MA,Three-Family Residential,3,,,
93,1910,894397.46,F_822665_3025444,Beverly,MA,Two-Family Residential,2,,,
94,1910,843446.09,F_822725_3025446,Beverly,MA,Two-Family Residential,2,,,
95,1900,797991.54,F_822916_3025454,Beverly,MA,Two-Family Residential,2,,,
96,1800,761945.03,F_822965_3025451,Beverly,MA,Two-Family Residential,2,,,
97,2017,1005285.41,F_823024_3025442,Beverly,MA,Two-Family Residential,2,,,
98,1900,917758.99,F_823084_3025434,Beverly,MA,Three-Family Residential,3,,,
99,1800,1253911.21,F_822859_3025356,Beverly,MA,Apartments with Four to Eight Units,4,,,
100,1970,675687.10,F_822713_3025345,Beverly,MA,Two-Family Residential,2,,,
101,1880,968816.07,F_822572_3025333,Beverly,MA,Three-Family Residential,3,,,
102,1875,918287.53,F_822584_3025240,Beverly,MA,Three-Family Residential,3,,,
103,1900,1244397.46,F_822677_3025252,Beverly,MA,Apartments with Four to Eight Units,4,,,
104,1900,1513213.53,F_822767_3025264,Beverly,MA,Apartments with Four to Eight Units,6,,,
105,1900,1243340.38,F_822825_3025272,Beverly,MA,Apartments with Four to Eight Units,4,,,
106,1900,906448.20,F_822139_3026238,Beverly,MA,Two-Family Residential,2,,,
107,1900,1694503.17,F_822889_3025277,Beverly,MA,Apartments with Four to Eight Units,5,,,
108,1885,2009408.03,F_822966_3025285,Beverly,MA,Apartments with Four to Eight Units,4,,,
109,1900,1802431.29,F_823284_3025306,Beverly,MA,Apartments with Four to Eight Units,6,,,
110,1890,910253.70,F_822173_3026228,Beverly,MA,Three-Family Residential,3,,,
111,1862,852114.16,F_822882_3025863,Beverly,MA,Two-Family Residential,2,,,
112,1900,812262.16,F_822846_3025903,Beverly,MA,Two-Family Residential,2,,,
113,1880,799260.04,F_822800_3025916,Beverly,MA,Two-Family Residential,2,,,
114,1880,789852.01,F_822805_3025855,Beverly,MA,Two-Family Residential,2,,,
115,1910,792494.71,F_822762_3025807,Beverly,MA,Two-Family Residential,2,,,
116,1880,907399.58,F_822808_3025795,Beverly,MA,Three-Family Residential,3,,,
117,1900,883826.64,F_822856_3025774,Beverly,MA,Three-Family Residential,3,,,
118,1900,838689.22,F_822903_3025762,Beverly,MA,Three-Family Residential,3,,,
119,1900,1244926.00,F_822961_3025762,Beverly,MA,Apartments with Four to Eight Units,5,,,
120,1880,1750000.00,F_823018_3025644,Beverly,MA,Apartments with Four to Eight Units,6,,,
121,1880,1063319.24,F_823073_3025635,Beverly,MA,Three-Family Residential,3,,,
122,1880,1057505.29,F_823128_3025618,Beverly,MA,Three-Family Residential,3,,,
123,1880,1206765.33,F_823188_3025588,Beverly,MA,Apartments with Four to Eight Units,5,,,
124,1904,945560.25,F_823201_3025640,Beverly,MA,Three-Family Residential,3,,,
125,1880,1261839.32,F_823176_3025690,Beverly,MA,Apartments with Four to Eight Units,5,,,
126,1750,1058456.66,F_823275_3025909,Beverly,MA,Three-Family Residential,3,,,
127,1910,953171.25,F_823288_3025984,Beverly,MA,Three-Family Residential,3,,,
128,1900,766173.36,F_823181_3026016,Beverly,MA,Two-Family Residential,2,,,
129,1900,820190.27,F_823120_3026030,Beverly,MA,Two-Family Residential,2,,,
130,1910,725052.85,F_822300_3026386,Beverly,MA,Two-Family Residential,2,,,
131,1920,910465.12,F_823307_3026049,Beverly,MA,Two-Family Residential,2,,,
132,1911,949048.63,F_823325_3026097,Beverly,MA,Two-Family Residential,2,,,
133,1900,1476638.48,F_823353_3026172,Beverly,MA,Apartments with Four to Eight Units,5,,,
134,1850,808562.37,F_823287_3026171,Beverly,MA,Two-Family Residential,2,,,
135,1924,911310.78,F_823245_3026158,Beverly,MA,Two-Family Residential,2,,,
136,1901,898308.67,F_823196_3026152,Beverly,MA,Two-Family Residential,2,,,
137,1910,789957.72,F_823062_3025973,Beverly,MA,Two-Family Residential,2,,,
138,1900,893974.63,F_823104_3025962,Beverly,MA,Three-Family Residential,3,,,
139,1900,842494.71,F_823149_3025947,Beverly,MA,Two-Family Residential,2,,,
140,1910,950317.12,F_823205_3025931,Beverly,MA,Two-Family Residential,2,,,
141,1900,1263002.11,F_823525_3026209,Beverly,MA,Apartments with Four to Eight Units,5,,,
142,1900,935517.97,F_823486_3026189,Beverly,MA,Three-Family Residential,3,,,
143,1900,938266.38,F_823306_3026479,Beverly,MA,Three-Family Residential,3,,,
144,1925,782241.01,F_823261_3026422,Beverly,MA,Two-Family Residential,2,,,
145,1900,926955.60,F_823293_3026362,Beverly,MA,Three-Family Residential,3,,,
146,1900,926744.19,F_823085_3026354,Beverly,MA,Three-Family Residential,3,,,
147,1900,773890.06,F_823051_3026319,Beverly,MA,Two-Family Residential,2,,,
148,1890,891331.92,F_823026_3026258,Beverly,MA,Three-Family Residential,3,,,
149,1900,845665.96,F_823076_3026266,Beverly,MA,Two-Family Residential,2,,,
150,1830,810465.12,F_823124_3026273,Beverly,MA,Two-Family Residential,2,,,
151,1900,815856.24,F_823174_3026295,Beverly,MA,Two-Family Residential,2,,,
152,1900,781818.18,F_823272_3026298,Beverly,MA,Two-Family Residential,2,,,
153,1900,818498.94,F_823167_3026416,Beverly,MA,Two-Family Residential,2,,,
154,1900,947885.84,F_823236_3026648,Beverly,MA,Two-Family Residential,2,,,
155,1900,1409302.33,F_823277_3026620,Beverly,MA,Apartments with Four to Eight Units,6,,,
156,1900,998520.08,F_823363_3026577,Beverly,MA,Three-Family Residential,3,,,
157,1870,904016.91,F_823456_3026577,Beverly,MA,Three-Family Residential,3,,,
158,1900,810253.70,F_823313_3026754,Beverly,MA,Three-Family Residential,3,,,
159,1900,952854.12,F_823254_3026758,Beverly,MA,Three-Family Residential,3,,,
160,1900,864376.32,F_823191_3026761,Beverly,MA,Two-Family Residential,2,,,
161,1900,813742.07,F_823074_3026907,Beverly,MA,Two-Family Residential,2,,,
162,1900,845771.67,F_823213_3026904,Beverly,MA,Two-Family Residential,2,,,
163,1900,776849.89,F_823264_3026902,Beverly,MA,Two-Family Residential,2,,,
164,1880,1013953.49,F_823315_3026954,Beverly,MA,Three-Family Residential,3,,,
165,1900,766173.36,F_823364_3026941,Beverly,MA,Two-Family Residential,2,,,
166,1880,1121035.94,F_823655_3026882,Beverly,MA,Apartments with Four to Eight Units,4,,,
167,1890,874735.73,F_823779_3026914,Beverly,MA,Two-Family Residential,2,,,
168,1820,1004334.04,F_824028_3026805,Beverly,MA,Two-Family Residential,2,,,
169,1875,984460.89,F_824009_3026728,Beverly,MA,Three-Family Residential,3,,,
170,1900,951691.33,F_823984_3026685,Beverly,MA,Three-Family Residential,3,,,
171,1900,1368076.11,F_823960_3026644,Beverly,MA,Apartments with Four to Eight Units,5,,,
172,1910,861205.07,F_824034_3026652,Beverly,MA,Two-Family Residential,2,,,
173,1800,1198837.21,F_824153_3026611,Beverly,MA,Two-Family Residential,2,,,
174,1900,1359830.87,F_824231_3026518,Beverly,MA,Apartments with Four to Eight Units,4,,,
175,1890,1205919.66,F_824290_3026647,Beverly,MA,Two-Family Residential,2,,,
176,1880,805919.66,F_824137_3026750,Beverly,MA,Two-Family Residential,2,,,
177,1900,870824.52,F_824081_3026776,Beverly,MA,Two-Family Residential,2,,,
178,1900,941226.22,F_824119_3026999,Beverly,MA,Three-Family Residential,3,,,
179,1800,1030232.56,F_824085_3026960,Beverly,MA,Two-Family Residential,2,,,
180,1890,917864.69,F_824056_3026914,Beverly,MA,Three-Family Residential,3,,,
181,1880,847568.71,F_824109_3026914,Beverly,MA,Two-Family Residential,2,,,
182,1920,823150.11,F_824155_3026897,Beverly,MA,Two-Family Residential,2,,,
183,1880,1010253.70,F_824261_3026842,Beverly,MA,Three-Family Residential,3,,,
184,1900,885306.55,F_824508_3026845,Beverly,MA,Two-Family Residential,2,,,
185,1880,859830.87,F_824393_3026869,Beverly,MA,Two-Family Residential,2,,,
186,1880,891226.22,F_824336_3026903,Beverly,MA,Three-Family Residential,3,,,
187,1908,1234038.05,F_824253_3026956,Beverly,MA,Apartments with Four to Eight Units,4,,,
188,1900,1219767.44,F_824453_3026996,Beverly,MA,Apartments with Four to Eight Units,5,,,
189,1890,1354439.75,F_824572_3026937,Beverly,MA,Apartments with Four to Eight Units,4,,,
190,1880,802325.58,F_824575_3026727,Beverly,MA,Two-Family Residential,2,,,
191,1880,986469.34,F_824606_3026662,Beverly,MA,Two-Family Residential,2,,,
192,1925,932346.72,F_824360_3026464,Beverly,MA,Two-Family Residential,2,,,
193,1902,917124.74,F_824397_3026441,Beverly,MA,Three-Family Residential,3,,,
194,1880,1615750.53,F_824455_3026429,Beverly,MA,Apartments with Four to Eight Units,6,,,
195,1723,1032875.26,F_824608_3026338,Beverly,MA,Three-Family Residential,3,,,
196,2004,1248414.38,F_824520_3026529,Beverly,MA,Two-Family Residential,2,,,
197,1900,877272.73,F_823780_3026508,Beverly,MA,Three-Family Residential,3,,,
198,1930,865644.82,F_824054_3026480,Beverly,MA,Three-Family Residential,3,,,
199,1886,819133.19,F_823945_3026559,Beverly,MA,Two-Family Residential,2,,,
200,1900,1531818.18,F_823916_3026492,Beverly,MA,Apartments with Four to Eight Units,6,,,
201,1900,756659.62,F_824006_3026050,Beverly,MA,Two-Family Residential,2,,,
202,1900,730443.97,F_823982_3026110,Beverly,MA,Two-Family Residential,2,,,
203,1920,962156.45,F_824051_3026096,Beverly,MA,Three-Family Residential,3,,,
204,1900,736469.34,F_823947_3026179,Beverly,MA,Two-Family Residential,2,,,
205,1920,1342283.30,F_823962_3026236,Beverly,MA,Three-Family Residential,3,,,
206,1915,563002.11,F_823884_3026272,Beverly,MA,Two-Family Residential,2,,,
207,1910,587209.30,F_823917_3026266,Beverly,MA,Two-Family Residential,2,,,
208,1898,907399.58,F_822630_3026890,Beverly,MA,Three-Family Residential,3,,,
209,1910,1547991.54,F_824188_3026079,Beverly,MA,Apartments with Four to Eight Units,5,,,
210,1910,1054334.04,F_824262_3026008,Beverly,MA,Apartments with Four to Eight Units,4,,,
211,1890,1494291.75,F_824188_3025999,Beverly,MA,Apartments with Four to Eight Units,6,,,
212,1900,834778.01,F_824306_3025949,Beverly,MA,Two-Family Residential,2,,,
213,1910,841860.47,F_824211_3025917,Beverly,MA,Two-Family Residential,2,,,
214,1800,1064376.32,F_824374_3025714,Beverly,MA,Two-Family Residential,2,,,
215,1900,910570.82,F_824605_3025308,Beverly,MA,Two-Family Residential,2,,,
216,1900,822515.86,F_824571_3025345,Beverly,MA,Two-Family Residential,2,,,
217,1918,857822.41,F_822711_3026954,Beverly,MA,Three-Family Residential,3,,,
218,1880,1013636.36,F_824502_3025422,Beverly,MA,Two-Family Residential,2,,,
219,1880,1744080.34,F_824357_3025462,Beverly,MA,Apartments with Four to Eight Units,6,,,
220,1900,1141226.22,F_824481_3025283,Beverly,MA,Two-Family Residential,2,,,
221,1865,1022410.15,F_824520_3025241,Beverly,MA,Two-Family Residential,2,,,
222,1900,1256976.74,F_824562_3025196,Beverly,MA,Three-Family Residential,3,,,
223,1900,958456.66,F_822865_3027006,Beverly,MA,Three-Family Residential,3,,,
224,1875,951479.92,F_824445_3025090,Beverly,MA,Two-Family Residential,2,,,
225,1910,919133.19,F_824410_3025129,Beverly,MA,Two-Family Residential,2,,,
226,1892,1051374.21,F_824326_3025219,Beverly,MA,Three-Family Residential,3,,,
227,1880,1558985.20,F_824120_3025322,Beverly,MA,Apartments with Four to Eight Units,5,,,
228,1860,1144397.46,F_824242_3025134,Beverly,MA,Three-Family Residential,3,,,
229,1910,867230.44,F_822852_3026956,Beverly,MA,Two-Family Residential,2,,,
230,1880,1125264.27,F_824284_3025089,Beverly,MA,Three-Family Residential,3,,,
231,1848,1928964.06,F_823850_3025065,Beverly,MA,Apartments with Four to Eight Units,4,,,
232,1910,891437.63,F_822810_3026883,Beverly,MA,Three-Family Residential,3,,,
233,1910,826744.19,F_822864_3026891,Beverly,MA,Three-Family Residential,3,,,
234,1920,870401.69,F_822917_3026910,Beverly,MA,Two-Family Residential,2,,,
235,1902,795454.55,F_822674_3026793,Beverly,MA,Two-Family Residential,2,,,
236,1830,833403.81,F_822603_3026782,Beverly,MA,Two-Family Residential,2,,,
237,1910,748308.67,F_822526_3026363,Beverly,MA,Two-Family Residential,2,,,
238,1890,751479.92,F_822568_3026351,Beverly,MA,Two-Family Residential,2,,,
239,1900,1317336.15,F_822643_3026703,Beverly,MA,Apartments with Four to Eight Units,5,,,
240,1910,817230.44,F_822913_3026715,Beverly,MA,Two-Family Residential,2,,,
241,1890,977272.73,F_823090_3026768,Beverly,MA,Two-Family Residential,2,,,
242,1895,983509.51,F_823033_3026766,Beverly,MA,Three-Family Residential,3,,,
243,1895,854756.87,F_822973_3026768,Beverly,MA,Three-Family Residential,3,,,
244,1895,812367.86,F_822918_3026783,Beverly,MA,Three-Family Residential,3,,,
245,1895,864693.45,F_822869_3026772,Beverly,MA,Three-Family Residential,3,,,
246,1900,770084.57,F_822820_3026789,Beverly,MA,Two-Family Residential,2,,,
247,1910,922621.56,F_822724_3026567,Beverly,MA,Three-Family Residential,3,,,
248,1900,794714.59,F_820479_3022843,Beverly,MA,Two-Family Residential,2,,,
249,1930,1210465.12,F_825317_3025251,Beverly,MA,Three-Family Residential,3,,,
250,1900,964164.90,F_825403_3025668,Beverly,MA,Three-Family Residential,3,,,
251,1800,1714587.74,F_825444_3025616,Beverly,MA,Apartments with Four to Eight Units,4,,,
252,1940,979704.02,F_824908_3026714,Beverly,MA,Three-Family Residential,3,,,
253,1900,1160253.70,F_825559_3025474,Beverly,MA,Three-Family Residential,3,,,
254,1900,1969873.15,F_825596_3025428,Beverly,MA,Apartments with Four to Eight Units,4,,,
255,1900,1647357.29,F_825489_3025749,Beverly,MA,Apartments with Four to Eight Units,4,,,
256,1900,905602.54,F_825457_3025715,Beverly,MA,Two-Family Residential,2,,,
257,1900,1005813.95,F_825559_3025833,Beverly,MA,Three-Family Residential,3,,,
258,1935,1214059.20,F_825599_3025788,Beverly,MA,Three-Family Residential,3,,,
259,1900,1048942.92,F_825652_3025717,Beverly,MA,Two-Family Residential,2,,,
260,1900,951268.50,F_825677_3025831,Beverly,MA,Two-Family Residential,2,,,
261,1900,906765.33,F_825677_3025959,Beverly,MA,Two-Family Residential,2,,,
262,1991,1478964.06,F_825879_3025810,Beverly,MA,Two-Family Residential,2,,,
263,1900,945877.38,F_825972_3026016,Beverly,MA,Two-Family Residential,2,,,
264,1906,1239217.76,F_825816_3026023,Beverly,MA,Apartments with Four to Eight Units,4,,,
265,1885,895243.13,F_825765_3025992,Beverly,MA,Three-Family Residential,3,,,
266,1900,974524.31,F_826598_3026138,Beverly,MA,Two-Family Residential,2,,,
267,1880,1117970.40,F_826647_3026302,Beverly,MA,Three-Family Residential,3,,,
268,1782,855285.41,F_826695_3026363,Beverly,MA,Two-Family Residential,2,,,
269,1900,1009619.45,F_824772_3026930,Beverly,MA,Two-Family Residential,2,,,
270,1900,972410.15,F_824742_3026891,Beverly,MA,Two-Family Residential,2,,,
271,1900,999471.46,F_826565_3026359,Beverly,MA,Two-Family Residential,2,,,
272,1880,1100211.42,F_826447_3026213,Beverly,MA,Three-Family Residential,3,,,
273,1900,855919.66,F_827123_3027043,Beverly,MA,Two-Family Residential,2,,,
274,1900,699260.04,F_820443_3022963,Beverly,MA,Two-Family Residential,2,,,
275,1880,1107928.12,F_826947_3026206,Beverly,MA,Two-Family Residential,2,,,
276,1840,1072515.86,F_827062_3026343,Beverly,MA,Two-Family Residential,2,,,
277,1900,879386.89,F_827117_3026383,Beverly,MA,Three-Family Residential,3,,,
278,1900,939217.76,F_824661_3026731,Beverly,MA,Two-Family Residential,2,,,
279,1900,1073890.06,F_826929_3026030,Beverly,MA,Two-Family Residential,2,,,
280,1900,977378.44,F_824935_3026943,Beverly,MA,Two-Family Residential,2,,,
281,1700,3717441.86,F_826741_3025723,Beverly,MA,Apartments with Four to Eight Units,5,,,
282,1800,1337737.84,F_826417_3026024,Beverly,MA,Apartments with Four to Eight Units,4,,,
283,1855,1167019.03,F_826216_3025899,Beverly,MA,Two-Family Residential,2,,,
284,1900,878435.52,F_824848_3027053,Beverly,MA,Two-Family Residential,2,,,
285,1880,915644.82,F_824821_3027009,Beverly,MA,Two-Family Residential,2,,,
286,1910,795454.55,F_820437_3023008,Beverly,MA,Two-Family Residential,2,,,
287,1900,1047780.13,F_824676_3026431,Beverly,MA,Three-Family Residential,3,,,
288,1880,989217.76,F_824813_3025932,Beverly,MA,Two-Family Residential,2,,,
289,1952,1272304.44,F_824604_3025152,Beverly,MA,Two-Family Residential,2,,,
290,1925,834355.18,F_820431_3023056,Beverly,MA,Two-Family Residential,2,,,
291,1900,1010359.41,F_824656_3026624,Beverly,MA,Three-Family Residential,3,,,
292,1925,828752.64,F_820428_3023101,Beverly,MA,Two-Family Residential,2,,,
293,1900,958350.95,F_824755_3026652,Beverly,MA,Two-Family Residential,2,,,
294,1940,1238583.51,F_825006_3025448,Beverly,MA,Two-Family Residential,2,,,
295,1925,895771.67,F_825232_3025862,Beverly,MA,Two-Family Residential,2,,,
296,1900,858562.37,F_825266_3025824,Beverly,MA,Two-Family Residential,2,,,
297,1900,794926.00,F_825333_3025742,Beverly,MA,Three-Family Residential,3,,,
298,1920,1735200.85,F_825357_3025843,Beverly,MA,Apartments with Four to Eight Units,4,,,
299,1885,880126.85,F_825539_3026033,Beverly,MA,Two-Family Residential,2,,,
300,1920,849048.63,F_825480_3026016,Beverly,MA,Two-Family Residential,2,,,
301,1900,881501.06,F_825421_3026015,Beverly,MA,Two-Family Residential,2,,,
302,1900,834143.76,F_825361_3026005,Beverly,MA,Two-Family Residential,2,,,
303,1878,803276.96,F_825311_3025993,Beverly,MA,Two-Family Residential,2,,,
304,1880,931818.18,F_825235_3025965,Beverly,MA,Three-Family Residential,3,,,
305,1900,1173255.81,F_825269_3025984,Beverly,MA,Apartments with Four to Eight Units,4,,,
306,1900,1067019.03,F_825172_3025970,Beverly,MA,Three-Family Residential,3,,,
307,1870,910782.24,F_825131_3025939,Beverly,MA,Three-Family Residential,3,,,
308,1900,1084355.18,F_825049_3025143,Beverly,MA,Two-Family Residential,2,,,
309,1900,1587315.01,F_825000_3025204,Beverly,MA,Apartments with Four to Eight Units,5,,,
310,1900,1112473.57,F_824973_3025077,Beverly,MA,Three-Family Residential,3,,,
311,1920,1071881.61,F_825273_3025394,Beverly,MA,Two-Family Residential,2,,,
312,1927,932769.56,F_825230_3025151,Beverly,MA,Two-Family Residential,2,,,
313,1900,1444608.88,F_825321_3025127,Beverly,MA,Three-Family Residential,3,,,
314,1890,818287.53,F_820817_3022728,Beverly,MA,Two-Family Residential,2,,,
315,1911,1332452.43,F_828748_3026229,Beverly,MA,Two-Family Residential,2,,,
316,1876,900105.71,F_828320_3026917,Beverly,MA,Two-Family Residential,2,,,
317,1900,784460.89,F_820567_3022825,Beverly,MA,Two-Family Residential,2,,,
318,1925,889640.59,F_827359_3026842,Beverly,MA,Two-Family Residential,2,,,
319,1900,1524947.15,F_827892_3026866,Beverly,MA,Apartments with Four to Eight Units,5,,,
320,1800,906659.62,F_828273_3027004,Beverly,MA,Two-Family Residential,2,,,
321,1806,958985.20,F_828210_3026935,Beverly,MA,Two-Family Residential,2,,,
322,1920,722515.86,F_820621_3022956,Beverly,MA,Two-Family Residential,2,,,
323,1900,1244608.88,F_827755_3025748,Beverly,MA,Two-Family Residential,2,,,
324,1921,793023.26,F_820809_3022773,Beverly,MA,Two-Family Residential,2,,,
325,2016,2871458.77,F_830115_3026178,Beverly,MA,Two-Family Residential,2,,,
326,1940,650105.71,F_820690_3023178,Beverly,MA,Two-Family Residential,2,,,
327,1920,752008.46,F_820703_3023097,Beverly,MA,Two-Family Residential,2,,,
328,1920,644503.17,F_820709_3023058,Beverly,MA,Two-Family Residential,2,,,
329,1958,1045877.38,F_820787_3022935,Beverly,MA,Apartments with Four to Eight Units,4,,,
330,1960,1450317.12,F_820788_3022860,Beverly,MA,Apartments with Four to Eight Units,6,,,
331,1920,1515750.53,F_820777_3023018,Beverly,MA,Apartments with Four to Eight Units,6,,,
332,1900,1379069.77,F_820910_3022950,Beverly,MA,Apartments with Four to Eight Units,6,,,
333,1920,831078.22,F_820900_3022796,Beverly,MA,Two-Family Residential,2,,,
334,1910,784355.18,F_821113_3022968,Beverly,MA,Three-Family Residential,3,,,
335,1910,778118.39,F_821393_3023018,Beverly,MA,Three-Family Residential,3,,,
336,1920,1187103.59,F_821614_3023129,Beverly,MA,Apartments with Four to Eight Units,5,,,
337,1920,875475.69,F_816846_3027184,Beverly,MA,Three-Family Residential,3,,,
338,1910,725687.10,F_815568_3028066,Beverly,MA,Two-Family Residential,2,,,
339,1908,715221.99,F_816499_3027068,Beverly,MA,Two-Family Residential,2,,,
340,1900,927484.14,F_821702_3023123,Beverly,MA,Apartments with Four to Eight Units,5,,,
341,1909,1336257.93,F_815568_3028605,Beverly,MA,Apartments with Four to Eight Units,4,,,
342,1953,742494.71,F_816465_3028398,Beverly,MA,Two-Family Residential,2,,,
343,1950,863424.95,F_817506_3027926,Beverly,MA,Two-Family Residential,2,,,
344,1900,823361.52,F_817015_3027579,Beverly,MA,Two-Family Residential,2,,,
345,1946,767124.74,F_817599_3027885,Beverly,MA,Three-Family Residential,3,,,
346,1920,856659.62,F_817673_3027215,Beverly,MA,Two-Family Residential,2,,,
347,1900,877272.73,F_817098_3027330,Beverly,MA,Two-Family Residential,2,,,
348,1940,791649.05,F_816958_3028580,Beverly,MA,Two-Family Residential,2,,,
349,1940,850528.54,F_818674_3028017,Beverly,MA,Three-Family Residential,3,,,
350,1927,737526.43,F_818770_3027732,Beverly,MA,Two-Family Residential,2,,,
351,1910,848837.21,F_816897_3028883,Beverly,MA,Two-Family Residential,2,,,
352,1945,809619.45,F_819176_3027451,Beverly,MA,Two-Family Residential,2,,,
353,1930,813847.78,F_817144_3028705,Beverly,MA,Two-Family Residential,2,,,
354,1900,790063.42,F_817084_3027692,Beverly,MA,Three-Family Residential,3,,,
355,1802,981183.93,F_817599_3028079,Beverly,MA,Two-Family Residential,2,,,
356,1900,814693.45,F_817159_3027413,Beverly,MA,Three-Family Residential,3,,,
357,1904,955179.70,F_820234_3029016,Beverly,MA,Three-Family Residential,3,,,
358,1900,910993.66,F_821991_3028246,Beverly,MA,Three-Family Residential,3,,,
359,1910,931183.93,F_821946_3028793,Beverly,MA,Three-Family Residential,3,,,
360,1910,1361099.37,F_821910_3028845,Beverly,MA,Apartments with Four to Eight Units,4,,,
361,1930,781395.35,F_819469_3027495,Beverly,MA,Two-Family Residential,2,,,
362,1910,1375369.98,F_821897_3028893,Beverly,MA,Apartments with Four to Eight Units,4,,,
363,1900,1122515.86,F_821891_3028988,Beverly,MA,Three-Family Residential,3,,,
364,1900,894186.05,F_822055_3028944,Beverly,MA,Three-Family Residential,3,,,
365,1900,943234.67,F_822009_3028936,Beverly,MA,Three-Family Residential,3,,,
366,1870,854651.16,F_819406_3027581,Beverly,MA,Two-Family Residential,2,,,
367,1900,848414.38,F_819499_3027757,Beverly,MA,Two-Family Residential,2,,,
368,1900,1269450.32,F_819551_3027810,Beverly,MA,Apartments with Four to Eight Units,4,,,
369,1925,827378.44,F_820062_3027193,Beverly,MA,Two-Family Residential,2,,,
370,1920,897674.42,F_819380_3028914,Beverly,MA,Two-Family Residential,2,,,
371,1958,778435.52,F_820063_3028917,Beverly,MA,Two-Family Residential,2,,,
372,1930,916701.90,F_819701_3027414,Beverly,MA,Two-Family Residential,2,,,
373,1920,702431.29,F_820213_3028428,Beverly,MA,Two-Family Residential,2,,,
374,1910,1186997.89,F_819618_3027471,Beverly,MA,Three-Family Residential,3,,,
375,1934,671247.36,F_820262_3028440,Beverly,MA,Two-Family Residential,2,,,
376,1920,825581.40,F_820463_3028494,Beverly,MA,Two-Family Residential,2,,,
377,1910,890486.26,F_823202_3028589,Beverly,MA,Three-Family Residential,3,,,
378,1910,990909.09,F_823271_3028563,Beverly,MA,Three-Family Residential,3,,,
379,1910,1200951.37,F_823334_3028567,Beverly,MA,Three-Family Residential,3,,,
380,1900,909830.87,F_823391_3028565,Beverly,MA,Two-Family Residential,2,,,
381,1900,720613.11,F_823449_3028568,Beverly,MA,Two-Family Residential,2,,,
382,1900,790697.67,F_823519_3028571,Beverly,MA,Two-Family Residential,2,,,
383,1913,988372.09,F_823425_3028670,Beverly,MA,Two-Family Residential,2,,,
384,1885,673255.81,F_823382_3028731,Beverly,MA,Two-Family Residential,2,,,
385,1900,1089217.76,F_822440_3027676,Beverly,MA,Three-Family Residential,3,,,
386,1898,750422.83,F_823537_3028468,Beverly,MA,Two-Family Residential,2,,,
387,1920,772621.56,F_823486_3028461,Beverly,MA,Two-Family Residential,2,,,
388,1910,982452.43,F_823289_3028436,Beverly,MA,Two-Family Residential,2,,,
389,1900,1015327.70,F_823625_3028434,Beverly,MA,Three-Family Residential,3,,,
390,1860,713424.95,F_823640_3028331,Beverly,MA,Two-Family Residential,2,,,
391,1900,802748.41,F_823496_3028316,Beverly,MA,Three-Family Residential,3,,,
392,1920,799577.17,F_823443_3028311,Beverly,MA,Three-Family Residential,3,,,
393,1880,767653.28,F_823344_3028302,Beverly,MA,Two-Family Residential,2,,,
394,1890,1261099.37,F_823329_3028201,Beverly,MA,Apartments with Four to Eight Units,5,,,
395,1920,1327167.02,F_823563_3028195,Beverly,MA,Apartments with Four to Eight Units,4,,,
396,1930,1147991.54,F_822367_3027797,Beverly,MA,Apartments with Four to Eight Units,4,,,
397,1900,950422.83,F_823626_3028178,Beverly,MA,Three-Family Residential,3,,,
398,1900,859513.74,F_823628_3028224,Beverly,MA,Two-Family Residential,2,,,
399,1900,851797.04,F_823601_3028271,Beverly,MA,Two-Family Residential,2,,,
400,1890,1010042.28,F_823431_3028020,Beverly,MA,Three-Family Residential,3,,,
401,1890,827167.02,F_823370_3028017,Beverly,MA,Three-Family Residential,3,,,
402,1890,875792.81,F_823249_3028049,Beverly,MA,Two-Family Residential,2,,,
403,1925,739534.88,F_823141_3027893,Beverly,MA,Two-Family Residential,2,,,
404,1890,871353.07,F_823479_3027841,Beverly,MA,Three-Family Residential,3,,,
405,1915,953065.54,F_823541_3027843,Beverly,MA,Three-Family Residential,3,,,
406,1910,1028752.64,F_823597_3027846,Beverly,MA,Three-Family Residential,3,,,
407,1900,1236680.76,F_823577_3027922,Beverly,MA,Apartments with Four to Eight Units,5,,,
408,1910,983403.81,F_823550_3027977,Beverly,MA,Three-Family Residential,3,,,
409,1920,1183298.10,F_823603_3028033,Beverly,MA,Apartments with Four to Eight Units,4,,,
410,1915,888900.63,F_823061_3028015,Beverly,MA,Three-Family Residential,3,,,
411,1915,895243.13,F_823083_3028055,Beverly,MA,Three-Family Residential,3,,,
412,1894,895031.71,F_822108_3028324,Beverly,MA,Three-Family Residential,3,,,
413,1920,1432029.60,F_822954_3027963,Beverly,MA,Apartments with Four to Eight Units,6,,,
414,1890,1128752.64,F_823027_3027666,Beverly,MA,Apartments with Four to Eight Units,4,,,
415,1900,749788.58,F_823066_3027655,Beverly,MA,Two-Family Residential,2,,,
416,1900,638794.93,F_823105_3027622,Beverly,MA,Three-Family Residential,3,,,
417,1900,730443.97,F_822161_3028292,Beverly,MA,Three-Family Residential,3,,,
418,1960,1680549.68,F_823209_3027620,Beverly,MA,Apartments with Four to Eight Units,6,,,
419,1900,1294820.30,F_823543_3027463,Beverly,MA,Apartments with Four to Eight Units,4,,,
420,1900,1617336.15,F_823539_3027623,Beverly,MA,Apartments with Four to Eight Units,7,,,
421,1751,810782.24,F_823550_3027691,Beverly,MA,Two-Family Residential,2,,,
422,1900,1414587.74,F_823556_3027748,Beverly,MA,Apartments with Four to Eight Units,4,,,
423,1900,903911.21,F_823268_3027727,Beverly,MA,Three-Family Residential,3,,,
424,1900,877061.31,F_823125_3027723,Beverly,MA,Two-Family Residential,3,,,
425,1920,822621.56,F_822145_3028419,Beverly,MA,Two-Family Residential,2,,,
426,1903,808773.78,F_822610_3027503,Beverly,MA,Two-Family Residential,2,,,
427,1900,727906.98,F_822563_3027632,Beverly,MA,Two-Family Residential,2,,,
428,1900,1163002.11,F_822544_3027585,Beverly,MA,Three-Family Residential,3,,,
429,1910,1855708.25,F_822487_3027457,Beverly,MA,Apartments with Four to Eight Units,6,,,
430,1900,1070824.52,F_822498_3027502,Beverly,MA,Three-Family Residential,3,,,
431,1916,765327.70,F_822551_3027454,Beverly,MA,Three-Family Residential,3,,,
432,1921,1490063.42,F_822607_3027438,Beverly,MA,Apartments with Four to Eight Units,6,,,
433,1910,1142177.59,F_822588_3027339,Beverly,MA,Apartments with Four to Eight Units,4,,,
434,1910,752325.58,F_822544_3027351,Beverly,MA,Two-Family Residential,2,,,
435,1880,802114.16,F_822465_3027320,Beverly,MA,Two-Family Residential,2,,,
436,1880,983192.39,F_822439_3027225,Beverly,MA,Three-Family Residential,3,,,
437,1911,1180866.81,F_822405_3027176,Beverly,MA,Apartments with Four to Eight Units,4,,,
438,1910,915010.57,F_822448_3027164,Beverly,MA,Three-Family Residential,3,,,
439,1890,885729.39,F_822539_3027245,Beverly,MA,Three-Family Residential,3,,,
440,1910,864270.61,F_822552_3027298,Beverly,MA,Three-Family Residential,3,,,
441,1919,754756.87,F_822790_3027235,Beverly,MA,Two-Family Residential,2,,,
442,1900,820824.52,F_822803_3027282,Beverly,MA,Two-Family Residential,2,,,
443,1890,704122.62,F_822906_3027148,Beverly,MA,Two-Family Residential,2,,,
444,1900,823255.81,F_822892_3027100,Beverly,MA,Two-Family Residential,2,,,
445,1900,913107.82,F_822880_3027054,Beverly,MA,Three-Family Residential,3,,,
446,1900,887209.30,F_822976_3027034,Beverly,MA,Two-Family Residential,2,,,
447,1890,773044.40,F_823020_3027198,Beverly,MA,Two-Family Residential,2,,,
448,1900,759408.03,F_822322_3028652,Beverly,MA,Two-Family Residential,2,,,
449,1900,895560.25,F_822943_3027215,Beverly,MA,Two-Family Residential,2,,,
450,1890,740169.13,F_822995_3027315,Beverly,MA,Two-Family Residential,2,,,
451,1927,868287.53,F_823051_3027523,Beverly,MA,Two-Family Residential,2,,,
452,1890,741226.22,F_822983_3027505,Beverly,MA,Two-Family Residential,2,,,
453,1910,859513.74,F_822384_3028701,Beverly,MA,Two-Family Residential,2,,,
454,1920,789640.59,F_822942_3027354,Beverly,MA,Two-Family Residential,2,,,
455,1900,817230.44,F_823461_3027341,Beverly,MA,Two-Family Residential,2,,,
456,1890,684566.60,F_823240_3027440,Beverly,MA,Two-Family Residential,2,,,
457,1910,763319.24,F_822410_3028767,Beverly,MA,Two-Family Residential,2,,,
458,1880,864587.74,F_823112_3027490,Beverly,MA,Two-Family Residential,2,,,
459,1900,835306.55,F_823189_3027297,Beverly,MA,Three-Family Residential,3,,,
460,1900,761733.62,F_823253_3027294,Beverly,MA,Two-Family Residential,2,,,
461,1900,791014.80,F_823313_3027292,Beverly,MA,Two-Family Residential,2,,,
462,1900,721987.32,F_823426_3027289,Beverly,MA,Two-Family Residential,2,,,
463,1900,1287843.55,F_823445_3027182,Beverly,MA,Apartments with Four to Eight Units,5,,,
464,1890,786997.89,F_823402_3027182,Beverly,MA,Two-Family Residential,2,,,
465,1900,858562.37,F_823351_3027184,Beverly,MA,Three-Family Residential,3,,,
466,1900,846511.63,F_822243_3028727,Beverly,MA,Three-Family Residential,3,,,
467,1880,999048.63,F_823299_3027185,Beverly,MA,Two-Family Residential,2,,,
468,1900,922198.73,F_823196_3027188,Beverly,MA,Three-Family Residential,3,,,
469,1900,741754.76,F_823148_3027190,Beverly,MA,Two-Family Residential,2,,,
470,1898,847040.17,F_823114_3027125,Beverly,MA,Two-Family Residential,2,,,
471,1900,784249.47,F_823112_3027082,Beverly,MA,Two-Family Residential,2,,,
472,1915,825158.56,F_823728_3027939,Beverly,MA,Three-Family Residential,3,,,
473,1920,1323467.23,F_823779_3027830,Beverly,MA,Apartments with Four to Eight Units,4,,,
474,1930,1101162.79,F_823731_3027730,Beverly,MA,Apartments with Four to Eight Units,4,,,
475,1900,1316701.90,F_823713_3027688,Beverly,MA,Apartments with Four to Eight Units,6,,,
476,1803,938160.68,F_823737_3027640,Beverly,MA,Two-Family Residential,2,,,
477,1850,1459090.91,F_823726_3027584,Beverly,MA,Apartments with Four to Eight Units,4,,,
478,1900,969450.32,F_822169_3028591,Beverly,MA,Three-Family Residential,3,,,
479,1914,950211.42,F_823741_3027085,Beverly,MA,Two-Family Residential,2,,,
480,1900,929915.43,F_823772_3027194,Beverly,MA,Three-Family Residential,3,,,
481,1900,711310.78,F_823802_3027292,Beverly,MA,Two-Family Residential,2,,,
482,1900,883826.64,F_823848_3027567,Beverly,MA,Two-Family Residential,2,,,
483,1900,815221.99,F_823896_3027818,Beverly,MA,Two-Family Residential,2,,,
484,1900,1170190.27,F_823963_3027370,Beverly,MA,Three-Family Residential,3,,,
485,1900,1033932.35,F_823957_3027320,Beverly,MA,Two-Family Residential,2,,,
486,1900,891966.17,F_823953_3027269,Beverly,MA,Two-Family Residential,2,,,
487,1900,1123361.52,F_823947_3027212,Beverly,MA,Three-Family Residential,3,,,
488,1900,1622410.15,F_823928_3027155,Beverly,MA,Apartments with Four to Eight Units,4,,,
489,1900,965961.95,F_823884_3027020,Beverly,MA,Three-Family Residential,3,,,
490,1900,883509.51,F_823978_3026965,Beverly,MA,Two-Family Residential,2,,,
491,1900,887737.84,F_824019_3027112,Beverly,MA,Two-Family Residential,2,,,
492,1900,836363.64,F_824038_3027162,Beverly,MA,Two-Family Residential,2,,,
493,1910,793446.09,F_824062_3027362,Beverly,MA,Two-Family Residential,2,,,
494,1900,862896.41,F_824066_3027418,Beverly,MA,Two-Family Residential,2,,,
495,1902,1069027.48,F_824080_3027615,Beverly,MA,Three-Family Residential,3,,,
496,1910,979598.31,F_822122_3028843,Beverly,MA,Three-Family Residential,3,,,
497,1900,750739.96,F_823741_3028085,Beverly,MA,Two-Family Residential,2,,,
498,1900,738477.80,F_823734_3028039,Beverly,MA,Two-Family Residential,2,,,
499,1900,972621.56,F_824185_3027949,Beverly,MA,Two-Family Residential,2,,,
500,1930,1040063.42,F_824135_3028156,Beverly,MA,Three-Family Residential,3,,,
501,1920,1006553.91,F_823846_3028197,Beverly,MA,Two-Family Residential,2,,,
502,1910,972304.44,F_823744_3028246,Beverly,MA,Two-Family Residential,2,,,
503,1920,891331.92,F_823779_3028344,Beverly,MA,Two-Family Residential,2,,,
504,1800,871881.61,F_823769_3028493,Beverly,MA,Two-Family Residential,2,,,
505,1920,999788.58,F_823793_3028669,Beverly,MA,Three-Family Residential,3,,,
506,1925,785200.85,F_822569_3029013,Beverly,MA,Two-Family Residential,2,,,
507,1900,1293446.09,F_822594_3029048,Beverly,MA,Apartments with Four to Eight Units,6,,,
508,1900,824841.44,F_822504_3029028,Beverly,MA,Two-Family Residential,2,,,
509,1910,1466701.90,F_824182_3029000,Beverly,MA,Apartments with Four to Eight Units,4,,,
510,1900,823255.81,F_822455_3029005,Beverly,MA,Two-Family Residential,2,,,
511,1905,1012684.99,F_824613_3028552,Beverly,MA,Two-Family Residential,2,,,
512,1905,1036892.18,F_824584_3028501,Beverly,MA,Two-Family Residential,2,,,
513,1905,982558.14,F_824563_3028444,Beverly,MA,Two-Family Residential,2,,,
514,2011,555813.95,F_822404_3028994,Beverly,MA,Three-Family Residential,3,,,
515,1930,1507928.12,F_824496_3028753,Beverly,MA,Apartments with Four to Eight Units,5,,,
516,1930,1487209.30,F_824413_3028814,Beverly,MA,Apartments with Four to Eight Units,4,,,
517,1900,1371141.65,F_822350_3028985,Beverly,MA,Apartments with Four to Eight Units,4,,,
518,1900,1382452.43,F_824349_3028127,Beverly,MA,Apartments with Four to Eight Units,4,,,
519,1910,965539.11,F_822300_3028975,Beverly,MA,Three-Family Residential,3,,,
520,2011,554439.75,F_822251_3028966,Beverly,MA,Three-Family Residential,3,,,
521,1920,1069344.61,F_824468_3027425,Beverly,MA,Three-Family Residential,3,,,
522,1900,981078.22,F_824360_3027617,Beverly,MA,Two-Family Residential,2,,,
523,1900,881395.35,F_822202_3028957,Beverly,MA,Three-Family Residential,3,,,
524,1915,1042071.88,F_824245_3027726,Beverly,MA,Two-Family Residential,2,,,
525,1930,1106448.20,F_824240_3027651,Beverly,MA,Three-Family Residential,3,,,
526,2011,554439.75,F_822152_3028948,Beverly,MA,Three-Family Residential,3,,,
527,1907,1206448.20,F_824495_3027257,Beverly,MA,Three-Family Residential,3,,,
528,1926,916596.19,F_824627_3027156,Beverly,MA,Two-Family Residential,2,,,
529,1900,1027378.44,F_822104_3028940,Beverly,MA,Three-Family Residential,3,,,
530,1900,1207928.12,F_824428_3027122,Beverly,MA,Apartments with Four to Eight Units,4,,,
531,1900,1166807.61,F_824353_3027180,Beverly,MA,Apartments with Four to Eight Units,4,,,
532,1836,784038.05,F_824189_3027263,Beverly,MA,Two-Family Residential,2,,,
533,1797,809513.74,F_824188_3027194,Beverly,MA,Two-Family Residential,2,,,
534,1900,893974.63,F_824215_3027116,Beverly,MA,Three-Family Residential,3,,,
535,1890,839217.76,F_824273_3027099,Beverly,MA,Two-Family Residential,2,,,
536,1900,834460.89,F_824323_3027072,Beverly,MA,Two-Family Residential,2,,,
537,1780,896511.63,F_822683_3028915,Beverly,MA,Two-Family Residential,2,,,
538,1900,1017019.03,F_822644_3028867,Beverly,MA,Three-Family Residential,3,,,
539,1906,817970.40,F_822616_3028813,Beverly,MA,Two-Family Residential,2,,,
540,1900,914376.32,F_822328_3027270,Beverly,MA,Three-Family Residential,3,,,
541,1920,872198.73,F_822588_3028762,Beverly,MA,Two-Family Residential,2,,,
542,1900,917441.86,F_822540_3028659,Beverly,MA,Three-Family Residential,3,,,
543,1900,479704.02,F_822605_3028672,Beverly,MA,Three-Family Residential,3,,,
544,1900,1009936.58,F_822636_3028720,Beverly,MA,Three-Family Residential,3,,,
545,1900,939957.72,F_822661_3028756,Beverly,MA,Three-Family Residential,3,,,
546,1900,1008668.08,F_822710_3028828,Beverly,MA,Three-Family Residential,3,,,
547,1919,870401.69,F_822751_3028867,Beverly,MA,Two-Family Residential,2,,,
548,1919,943023.26,F_822786_3028913,Beverly,MA,Two-Family Residential,2,,,
549,1919,1011310.78,F_822820_3028960,Beverly,MA,Two-Family Residential,2,,,
550,1900,1991966.17,F_822944_3028943,Beverly,MA,Apartments with Four to Eight Units,6,,,
551,1900,925475.69,F_822902_3028896,Beverly,MA,Three-Family Residential,3,,,
552,1789,718287.53,F_822863_3028853,Beverly,MA,Two-Family Residential,2,,,
553,1930,1351691.33,F_822828_3028801,Beverly,MA,Apartments with Four to Eight Units,4,,,
554,1930,1317336.15,F_822799_3028744,Beverly,MA,Apartments with Four to Eight Units,4,,,
555,1890,1332452.43,F_822691_3028613,Beverly,MA,Apartments with Four to Eight Units,4,,,
556,1900,1211522.20,F_822562_3028566,Beverly,MA,Apartments with Four to Eight Units,4,,,
557,1900,1089429.18,F_822492_3028567,Beverly,MA,Three-Family Residential,3,,,
558,1920,828646.93,F_822428_3028392,Beverly,MA,Two-Family Residential,2,,,
559,1900,890063.42,F_822391_3028346,Beverly,MA,Two-Family Residential,2,,,
560,1900,1500951.37,F_822360_3028301,Beverly,MA,Apartments with Four to Eight Units,6,,,
561,1900,1121881.61,F_822330_3028261,Beverly,MA,Three-Family Residential,3,,,
562,1910,409302.33,F_822299_3028220,Beverly,MA,Two-Family Residential,2,,,
563,1905,829175.48,F_822268_3028178,Beverly,MA,Two-Family Residential,2,,,
564,1900,918076.11,F_822177_3023277,Beverly,MA,Two-Family Residential,2,,,
565,1904,1354545.45,F_823751_3023026,Beverly,MA,Two-Family Residential,2,,,
566,1900,968287.53,F_823573_3022832,Beverly,MA,Three-Family Residential,3,,,
567,1904,1065116.28,F_823520_3022827,Beverly,MA,Three-Family Residential,3,,,
568,1968,911522.20,F_823489_3022795,Beverly,MA,Three-Family Residential,3,,,
569,1900,1533615.22,F_823334_3022664,Beverly,MA,Apartments with Four to Eight Units,4,,,
570,1900,1456236.79,F_824742_3027207,Beverly,MA,Apartments with Four to Eight Units,4,,,
571,1905,922727.27,F_824905_3027626,Beverly,MA,Two-Family Residential,2,,,
572,1850,947251.59,F_827020_3027411,Beverly,MA,Two-Family Residential,2,,,
573,1850,1415116.28,F_823756_3022686,Beverly,MA,Two-Family Residential,2,,,
574,1900,1791331.92,F_823722_3022637,Beverly,MA,Two-Family Residential,2,,,
575,1908,997991.54,F_824687_3027754,Beverly,MA,Three-Family Residential,3,,,
576,1900,1246617.34,F_823656_3022603,Beverly,MA,Two-Family Residential,2,,,
577,1900,1894186.05,F_824739_3027707,Beverly,MA,Apartments with Four to Eight Units,7,,,
578,1900,758985.20,F_822134_3023179,Beverly,MA,Two-Family Residential,2,,,
579,1900,866384.78,F_825308_3027872,Beverly,MA,Two-Family Residential,2,,,
580,1839,954968.29,F_825256_3027716,Beverly,MA,Two-Family Residential,2,,,
581,1900,828646.93,F_825570_3027779,Beverly,MA,Two-Family Residential,2,,,
582,1900,935095.14,F_825634_3027575,Beverly,MA,Three-Family Residential,3,,,
583,1900,883086.68,F_825079_3027590,Beverly,MA,Two-Family Residential,2,,,
584,1850,1014270.61,F_825295_3027390,Beverly,MA,Two-Family Residential,3,,,
585,1900,874947.15,F_825374_3027323,Beverly,MA,Two-Family Residential,2,,,
586,1924,994926.00,F_825451_3027477,Beverly,MA,Three-Family Residential,3,,,
587,1900,1026849.89,F_825356_3027525,Beverly,MA,Three-Family Residential,3,,,
588,1930,808879.49,F_825314_3027547,Beverly,MA,Two-Family Residential,2,,,
589,1806,848837.21,F_824993_3027441,Beverly,MA,Two-Family Residential,2,,,
590,1900,1104756.87,F_824969_3027333,Beverly,MA,Two-Family Residential,2,,,
591,1900,1066384.78,F_824888_3027140,Beverly,MA,Two-Family Residential,2,,,
592,1890,909936.58,F_824963_3027104,Beverly,MA,Two-Family Residential,2,,,
593,1880,884249.47,F_825169_3027106,Beverly,MA,Two-Family Residential,2,,,
594,1900,1242811.84,F_822065_3023162,Beverly,MA,Apartments with Four to Eight Units,4,,,
595,1903,1013213.53,F_825570_3027338,Beverly,MA,Two-Family Residential,2,,,
596,1900,858879.49,F_825638_3027236,Beverly,MA,Two-Family Residential,2,,,
597,1910,1018921.78,F_825016_3027869,Beverly,MA,Two-Family Residential,3,,,
598,1900,907188.16,F_822276_3022986,Beverly,MA,Two-Family Residential,2,,,
599,1900,1004651.16,F_825841_3028954,Beverly,MA,Two-Family Residential,2,,,
600,1776,787103.59,F_822526_3022977,Beverly,MA,Two-Family Residential,2,,,
601,1890,682241.01,F_822544_3023024,Beverly,MA,Two-Family Residential,2,,,
602,1880,1056131.08,F_828410_3028592,Beverly,MA,Two-Family Residential,2,,,
603,1900,1116807.61,F_828055_3027716,Beverly,MA,Two-Family Residential,2,,,
604,1890,1301057.08,F_828122_3027578,Beverly,MA,Two-Family Residential,2,,,
605,1890,1071775.90,F_828220_3027376,Beverly,MA,Three-Family Residential,3,,,
606,1900,1129704.02,F_828312_3027236,Beverly,MA,Two-Family Residential,2,,,
607,1920,983615.22,F_828592_3028194,Beverly,MA,Two-Family Residential,2,,,
608,1900,951268.50,F_828623_3028110,Beverly,MA,Two-Family Residential,3,,,
609,1890,906871.04,F_828621_3027988,Beverly,MA,Two-Family Residential,2,,,
610,1916,917970.40,F_828547_3027926,Beverly,MA,Two-Family Residential,2,,,
611,1910,920084.57,F_828535_3027617,Beverly,MA,Two-Family Residential,2,,,
612,1847,1072832.98,F_828515_3027544,Beverly,MA,Two-Family Residential,2,,,
613,1800,1287209.30,F_828691_3027513,Beverly,MA,Two-Family Residential,2,,,
614,1900,912367.86,F_829402_3027443,Beverly,MA,Two-Family Residential,2,,,
615,1799,1131923.89,F_829006_3027315,Beverly,MA,Three-Family Residential,3,,,
616,1900,886997.89,F_828118_3027101,Beverly,MA,Two-Family Residential,2,,,
617,1900,1121881.61,F_828006_3027374,Beverly,MA,Two-Family Residential,2,,,
618,1743,1155919.66,F_827920_3027496,Beverly,MA,Two-Family Residential,2,,,
619,1850,907822.41,F_827835_3027617,Beverly,MA,Two-Family Residential,2,,,
620,1880,911416.49,F_827772_3027803,Beverly,MA,Two-Family Residential,2,,,
621,1880,2537103.59,F_827328_3028769,Beverly,MA,Apartments with Four to Eight Units,7,,,
622,1810,676849.89,F_822283_3023040,Beverly,MA,Two-Family Residential,2,,,
623,1756,1100000.00,F_822335_3023148,Beverly,MA,Apartments with Four to Eight Units,4,,,
624,1900,1077589.85,F_830978_3028014,Beverly,MA,Three-Family Residential,3,,,
625,1880,997251.59,F_830876_3028026,Beverly,MA,Two-Family Residential,2,,,
626,1904,945771.67,F_830745_3028091,Beverly,MA,Two-Family Residential,2,,,
627,1900,911099.37,F_830397_3027826,Beverly,MA,Two-Family Residential,2,,,
628,1831,859302.33,F_822466_3023146,Beverly,MA,Two-Family Residential,2,,,
629,1920,743657.51,F_822453_3023208,Beverly,MA,Two-Family Residential,2,,,
630,1900,974630.02,F_822465_3023251,Beverly,MA,Three-Family Residential,3,,,
631,1900,871035.94,F_822519_3023348,Beverly,MA,Two-Family Residential,2,,,
632,1900,1423150.11,F_822385_3023328,Beverly,MA,Apartments with Four to Eight Units,6,,,
633,1719,1121881.61,F_822365_3023235,Beverly,MA,Two-Family Residential,2,,,
634,1770,849682.88,F_822558_3023103,Beverly,MA,Two-Family Residential,2,,,
635,1790,969978.86,F_822645_3023106,Beverly,MA,Two-Family Residential,2,,,
636,1872,636997.89,F_822844_3023047,Beverly,MA,Two-Family Residential,2,,,
637,1925,820930.23,F_822248_3023272,Beverly,MA,Two-Family Residential,2,,,
638,1900,1552219.87,F_822891_3023212,Beverly,MA,Apartments with Four to Eight Units,7,,,
639,1739,928012.68,F_822768_3023222,Beverly,MA,Two-Family Residential,2,,,
640,1910,2301585.62,F_838037_3028074,Beverly,MA,Two-Family Residential,2,,,
641,1900,1005179.70,F_823033_3023194,Beverly,MA,Two-Family Residential,2,,,
642,1900,921564.48,F_823044_3023135,Beverly,MA,Two-Family Residential,2,,,
643,1804,1403171.25,F_823082_3023083,Beverly,MA,Apartments with Four to Eight Units,4,,,
644,1885,952114.16,F_823087_3022991,Beverly,MA,Three-Family Residential,3,,,
645,1900,936046.51,F_823192_3022833,Beverly,MA,Two-Family Residential,2,,,
646,1880,1056342.49,F_823283_3022791,Beverly,MA,Three-Family Residential,3,,,
647,1900,1521353.07,F_823411_3023017,Beverly,MA,Apartments with Four to Eight Units,6,,,
648,1890,854016.91,F_823342_3023092,Beverly,MA,Two-Family Residential,2,,,
649,1900,845983.09,F_823248_3023048,Beverly,MA,Two-Family Residential,2,,,
650,1900,1521141.65,F_823926_3023170,Beverly,MA,Two-Family Residential,2,,,
651,1840,828224.10,F_822216_3023324,Beverly,MA,Three-Family Residential,3,,,
652,1927,747780.13,F_819829_3029094,Beverly,MA,Two-Family Residential,2,,,
653,1925,899365.75,F_819996_3029109,Beverly,MA,Two-Family Residential,2,,,
654,1955,805602.54,F_820297_3029181,Beverly,MA,Two-Family Residential,2,,,
655,1900,1382135.31,F_823826_3022949,Beverly,MA,Two-Family Residential,2,,,
656,1908,902114.16,F_819636_3030185,Beverly,MA,Two-Family Residential,2,,,
657,1920,866596.19,F_822917_3030119,Beverly,MA,Three-Family Residential,3,,,
658,1900,780338.27,F_823238_3030063,Beverly,MA,Two-Family Residential,2,,,
659,1910,798202.96,F_823192_3030043,Beverly,MA,Two-Family Residential,2,,,
660,1900,875581.40,F_823095_3030018,Beverly,MA,Two-Family Residential,2,,,
661,1910,804016.91,F_823047_3030005,Beverly,MA,Two-Family Residential,2,,,
662,1900,864164.90,F_822999_3029993,Beverly,MA,Two-Family Residential,2,,,
663,1920,867441.86,F_822760_3029930,Beverly,MA,Three-Family Residential,3,,,
664,1911,870190.27,F_822712_3029918,Beverly,MA,Two-Family Residential,2,,,
665,1910,846300.21,F_822663_3029905,Beverly,MA,Two-Family Residential,2,,,
666,1910,840169.13,F_822614_3029893,Beverly,MA,Two-Family Residential,2,,,
667,1920,925792.81,F_822566_3029880,Beverly,MA,Three-Family Residential,3,,,
668,1910,831606.77,F_822517_3029868,Beverly,MA,Two-Family Residential,2,,,
669,1900,840803.38,F_822468_3029855,Beverly,MA,Two-Family Residential,2,,,
670,1900,907716.70,F_822397_3029877,Beverly,MA,Three-Family Residential,3,,,
671,1900,818287.53,F_822411_3029830,Beverly,MA,Two-Family Residential,2,,,
672,1900,979386.89,F_822434_3029780,Beverly,MA,Three-Family Residential,3,,,
673,1930,898308.67,F_822912_3029861,Beverly,MA,Three-Family Residential,3,,,
674,1750,878118.39,F_821966_3030769,Beverly,MA,Two-Family Residential,2,,,
675,1920,950422.83,F_822482_3029622,Beverly,MA,Two-Family Residential,2,,,
676,1900,2028646.93,F_822499_3029563,Beverly,MA,Apartments with Four to Eight Units,8,,,
677,1920,1762473.57,F_822651_3029552,Beverly,MA,Apartments with Four to Eight Units,5,,,
678,1900,801797.04,F_822869_3029363,Beverly,MA,Two-Family Residential,2,,,
679,1910,893446.09,F_822919_3029384,Beverly,MA,Two-Family Residential,2,,,
680,1900,752431.29,F_821880_3030916,Beverly,MA,Two-Family Residential,2,,,
681,1900,745137.42,F_823163_3029483,Beverly,MA,Two-Family Residential,2,,,
682,1940,779704.02,F_823159_3029572,Beverly,MA,Two-Family Residential,2,,,
683,1900,978646.93,F_822969_3029254,Beverly,MA,Three-Family Residential,3,,,
684,1900,1046194.50,F_822920_3029245,Beverly,MA,Three-Family Residential,3,,,
685,1900,1031501.06,F_822871_3029227,Beverly,MA,Three-Family Residential,3,,,
686,2025,684989.43,F_822856_3029173,Beverly,MA,Two-Family Residential,2,,,
687,1920,815961.95,F_823144_3029237,Beverly,MA,Two-Family Residential,2,,,
688,1899,802431.29,F_822118_3030914,Beverly,MA,Two-Family Residential,2,,,
689,1920,777167.02,F_823144_3029276,Beverly,MA,Two-Family Residential,2,,,
690,1920,780021.14,F_823144_3029315,Beverly,MA,Two-Family Residential,2,,,
691,1925,785200.85,F_823154_3029353,Beverly,MA,Two-Family Residential,2,,,
692,1915,1530338.27,F_822586_3029240,Beverly,MA,Apartments with Four to Eight Units,6,,,
693,1915,894186.05,F_822512_3029227,Beverly,MA,Two-Family Residential,2,,,
694,1900,864587.74,F_822341_3029189,Beverly,MA,Two-Family Residential,2,,,
695,1880,959936.58,F_822161_3029152,Beverly,MA,Two-Family Residential,2,,,
696,1880,896511.63,F_822033_3029127,Beverly,MA,Two-Family Residential,2,,,
697,1900,864376.32,F_821979_3029117,Beverly,MA,Two-Family Residential,2,,,
698,1920,832769.56,F_821992_3029049,Beverly,MA,Two-Family Residential,2,,,
699,1900,856448.20,F_822046_3029059,Beverly,MA,Two-Family Residential,2,,,
700,1920,871353.07,F_822099_3029069,Beverly,MA,Two-Family Residential,2,,,
701,1920,839746.30,F_822153_3029079,Beverly,MA,Two-Family Residential,2,,,
702,1900,785095.14,F_821571_3030859,Beverly,MA,Two-Family Residential,2,,,
703,1920,900739.96,F_822315_3029109,Beverly,MA,Two-Family Residential,2,,,
704,1920,863953.49,F_822414_3029132,Beverly,MA,Two-Family Residential,2,,,
705,1920,1011945.03,F_822463_3029142,Beverly,MA,Three-Family Residential,3,,,
706,1915,628752.64,F_821884_3029045,Beverly,MA,Three-Family Residential,3,,,
707,1900,942283.30,F_821889_3029202,Beverly,MA,Three-Family Residential,3,,,
708,1900,949894.29,F_821960_3029222,Beverly,MA,Three-Family Residential,3,,,
709,1900,951268.50,F_822161_3029277,Beverly,MA,Three-Family Residential,3,,,
710,1900,952114.16,F_822209_3029291,Beverly,MA,Three-Family Residential,3,,,
711,1900,968816.07,F_822258_3029304,Beverly,MA,Three-Family Residential,3,,,
712,2024,1177589.85,F_822306_3029317,Beverly,MA,Three-Family Residential,3,,,
713,1900,946934.46,F_822354_3029330,Beverly,MA,Three-Family Residential,3,,,
714,1915,855074.00,F_822405_3029341,Beverly,MA,Two-Family Residential,2,,,
715,1915,1362579.28,F_822453_3029388,Beverly,MA,Apartments with Four to Eight Units,6,,,
716,1920,771247.36,F_823163_3030424,Beverly,MA,Two-Family Residential,2,,,
717,1880,828858.35,F_823249_3030404,Beverly,MA,Two-Family Residential,2,,,
718,1913,851902.75,F_823279_3030732,Beverly,MA,Two-Family Residential,2,,,
719,1880,950951.37,F_823068_3030549,Beverly,MA,Three-Family Residential,3,,,
720,1920,1305708.25,F_821561_3030971,Beverly,MA,Apartments with Four to Eight Units,5,,,
721,1931,803488.37,F_822995_3030476,Beverly,MA,Two-Family Residential,2,,,
722,1930,956236.79,F_822951_3030432,Beverly,MA,Two-Family Residential,2,,,
723,1900,862684.99,F_822797_3030378,Beverly,MA,Two-Family Residential,2,,,
724,1916,902219.87,F_822749_3030365,Beverly,MA,Three-Family Residential,3,,,
725,1900,768287.53,F_822701_3030354,Beverly,MA,Two-Family Residential,2,,,
726,1930,806342.49,F_821555_3031052,Beverly,MA,Two-Family Residential,2,,,
727,1920,869661.73,F_822362_3030269,Beverly,MA,Two-Family Residential,2,,,
728,1910,1166701.90,F_822289_3030264,Beverly,MA,Apartments with Four to Eight Units,4,,,
729,1890,943340.38,F_822304_3030212,Beverly,MA,Two-Family Residential,2,,,
730,1890,969978.86,F_822318_3030163,Beverly,MA,Two-Family Residential,2,,,
731,1900,895665.96,F_822428_3030204,Beverly,MA,Two-Family Residential,2,,,
732,1723,835729.39,F_822478_3030218,Beverly,MA,Two-Family Residential,2,,,
733,1920,1309830.87,F_821681_3031060,Beverly,MA,Apartments with Four to Eight Units,4,,,
734,1930,898097.25,F_821684_3031006,Beverly,MA,Two-Family Residential,2,,,
735,1900,888583.51,F_823033_3030341,Beverly,MA,Two-Family Residential,2,,,
736,1900,896617.34,F_823141_3030242,Beverly,MA,Two-Family Residential,2,,,
737,1920,860253.70,F_823221_3030188,Beverly,MA,Two-Family Residential,2,,,
738,1920,841860.47,F_823231_3030246,Beverly,MA,Two-Family Residential,2,,,
739,1920,684778.01,F_823243_3030297,Beverly,MA,Two-Family Residential,2,,,
740,1900,812050.74,F_823039_3030237,Beverly,MA,Two-Family Residential,2,,,
741,1920,1367547.57,F_821686_3030958,Beverly,MA,Apartments with Four to Eight Units,6,,,
742,1900,857399.58,F_822678_3030141,Beverly,MA,Two-Family Residential,2,,,
743,1913,866067.65,F_822606_3030122,Beverly,MA,Two-Family Residential,2,,,
744,1920,1146405.92,F_822557_3030109,Beverly,MA,Three-Family Residential,3,,,
745,1890,766173.36,F_821687_3030916,Beverly,MA,Two-Family Residential,2,,,
746,1900,998942.92,F_822359_3030017,Beverly,MA,Two-Family Residential,2,,,
747,1907,844503.17,F_822434_3029996,Beverly,MA,Two-Family Residential,2,,,
748,1910,974312.90,F_822770_3030082,Beverly,MA,Two-Family Residential,2,,,
749,1920,762262.16,F_823444_3030529,Beverly,MA,Two-Family Residential,2,,,
750,1850,828858.35,F_823426_3029992,Beverly,MA,Two-Family Residential,2,,,
751,1925,1409408.03,F_824087_3029068,Beverly,MA,Apartments with Four to Eight Units,4,,,
752,1925,1331712.47,F_824036_3029120,Beverly,MA,Apartments with Four to Eight Units,4,,,
753,1900,1026955.60,F_824057_3029317,Beverly,MA,Two-Family Residential,2,,,
754,1890,1021987.32,F_824099_3029273,Beverly,MA,Two-Family Residential,2,,,
755,1920,983826.64,F_824091_3029428,Beverly,MA,Two-Family Residential,2,,,
756,1915,997674.42,F_823963_3029355,Beverly,MA,Two-Family Residential,2,,,
757,1925,866490.49,F_824463_3028939,Beverly,MA,Two-Family Residential,2,,,
758,1940,799365.75,F_823875_3029802,Beverly,MA,Two-Family Residential,2,,,
759,1920,880232.56,F_823463_3030457,Beverly,MA,Two-Family Residential,2,,,
760,1912,1012367.86,F_825415_3029248,Beverly,MA,Two-Family Residential,2,,,
761,1900,1104651.16,F_824855_3029819,Beverly,MA,Two-Family Residential,2,,,
762,1920,869027.48,F_825138_3029747,Beverly,MA,Two-Family Residential,2,,,
763,1926,1004228.33,F_825231_3029557,Beverly,MA,Two-Family Residential,2,,,
764,1920,1010570.82,F_825362_3029453,Beverly,MA,Two-Family Residential,2,,,
765,1920,997357.29,F_825405_3029548,Beverly,MA,Two-Family Residential,2,,,
766,1900,958456.66,F_825722_3029496,Beverly,MA,Two-Family Residential,2,,,
767,1910,1064904.86,F_825672_3029290,Beverly,MA,Two-Family Residential,2,,,
768,1890,1312050.74,F_818943_3023912,Beverly,MA,Two-Family Residential,2,,,
769,1920,756025.37,F_824245_3029814,Beverly,MA,Two-Family Residential,2,,,
770,1925,876638.48,F_823966_3030213,Beverly,MA,Two-Family Residential,2,,,
771,1920,794820.30,F_823937_3030255,Beverly,MA,Two-Family Residential,2,,,
772,1910,734778.01,F_824396_3029933,Beverly,MA,Two-Family Residential,2,,,
773,1900,1089006.34,F_826039_3030086,Beverly,MA,Two-Family Residential,2,,,
774,1890,815010.57,F_826383_3029286,Beverly,MA,Two-Family Residential,2,,,
775,1920,1106448.20,F_826198_3029007,Beverly,MA,Three-Family Residential,3,,,
776,1870,965644.82,F_838566_3029829,Beverly,MA,Two-Family Residential,2,,,
777,1860,1071141.65,F_838500_3029820,Beverly,MA,Three-Family Residential,3,,,
778,1936,827484.14,F_818952_3024479,Beverly,MA,Two-Family Residential,2,,,
779,1906,1288477.80,F_841477_3030766,Beverly,MA,Three-Family Residential,3,,,
780,1890,1479704.02,F_841316_3030731,Beverly,MA,Apartments with Four to Eight Units,5,,,
781,1905,747568.71,F_841019_3030968,Beverly,MA,Two-Family Residential,2,,,
782,1910,1213002.11,F_840974_3030998,Beverly,MA,Three-Family Residential,3,,,
783,1900,1208033.83,F_841212_3030643,Beverly,MA,Three-Family Residential,3,,,
784,1900,986575.05,F_841268_3030616,Beverly,MA,Two-Family Residential,2,,,
785,1850,914693.45,F_841335_3030618,Beverly,MA,Two-Family Residential,2,,,
786,1910,1084143.76,F_841453_3030518,Beverly,MA,Three-Family Residential,3,,,
787,1900,1043551.80,F_841481_3030572,Beverly,MA,Three-Family Residential,3,,,
788,1936,726215.64,F_819059_3024590,Beverly,MA,Two-Family Residential,2,,,
789,1900,1593023.26,F_839122_3030329,Beverly,MA,Two-Family Residential,2,,,
790,1903,1023572.94,F_839153_3030443,Beverly,MA,Two-Family Residential,2,,,
791,1904,1249260.04,F_839206_3030678,Beverly,MA,Three-Family Residential,3,,,
792,1900,1283615.22,F_839183_3030844,Beverly,MA,Three-Family Residential,3,,,
793,1900,978541.23,F_839291_3030858,Beverly,MA,Two-Family Residential,2,,,
794,1900,874101.48,F_839330_3030676,Beverly,MA,Two-Family Residential,2,,,
795,1900,1164693.45,F_840620_3030928,Beverly,MA,Two-Family Residential,2,,,
796,1830,906976.74,F_840749_3031025,Beverly,MA,Two-Family Residential,2,,,
797,1900,840803.38,F_840679_3031048,Beverly,MA,Two-Family Residential,2,,,
798,1890,978752.64,F_841587_3030644,Beverly,MA,Three-Family Residential,3,,,
799,1900,1225264.27,F_841841_3030403,Beverly,MA,Two-Family Residential,2,,,
800,1930,792811.84,F_819395_3024695,Beverly,MA,Two-Family Residential,2,,,
801,1930,842917.55,F_819365_3024655,Beverly,MA,Two-Family Residential,2,,,
802,1930,756236.79,F_819336_3024615,Beverly,MA,Two-Family Residential,2,,,
803,1900,814799.15,F_821364_3023701,Beverly,MA,Three-Family Residential,3,,,
804,1920,718604.65,F_820984_3023794,Beverly,MA,Two-Family Residential,2,,,
805,1900,822938.69,F_820935_3023691,Beverly,MA,Two-Family Residential,2,,,
806,1915,774947.15,F_819533_3032982,Beverly,MA,Two-Family Residential,2,,,
807,1900,775898.52,F_821065_3023760,Beverly,MA,Three-Family Residential,3,,,
808,1930,883192.39,F_820044_3031843,Beverly,MA,Two-Family Residential,2,,,
809,1925,873255.81,F_821039_3023307,Beverly,MA,Three-Family Residential,3,,,
810,1900,851797.04,F_821147_3023327,Beverly,MA,Three-Family Residential,3,,,
811,1900,893657.51,F_821081_3023497,Beverly,MA,Three-Family Residential,3,,,
812,1910,656025.37,F_821129_3023549,Beverly,MA,Two-Family Residential,2,,,
813,1900,761310.78,F_821129_3023600,Beverly,MA,Three-Family Residential,3,,,
814,1900,755919.66,F_820974_3023582,Beverly,MA,Three-Family Residential,3,,,
815,1880,850634.25,F_821120_3023096,Beverly,MA,Three-Family Residential,3,,,
816,1890,852219.87,F_820968_3023160,Beverly,MA,Two-Family Residential,2,,,
817,1795,1409619.45,F_821481_3023246,Beverly,MA,Apartments with Four to Eight Units,4,,,
818,1880,1006659.62,F_821257_3023537,Beverly,MA,Two-Family Residential,2,,,
819,1880,692177.59,F_821258_3023487,Beverly,MA,Three-Family Residential,3,,,
820,1880,938054.97,F_821269_3023393,Beverly,MA,Two-Family Residential,2,,,
821,1988,900317.12,F_821297_3023324,Beverly,MA,Two-Family Residential,2,,,
822,1900,613953.49,F_821293_3023124,Beverly,MA,Two-Family Residential,2,,,
823,1900,835623.68,F_821249_3023140,Beverly,MA,Three-Family Residential,3,,,
824,1900,847885.84,F_821606_3023331,Beverly,MA,Three-Family Residential,3,,,
825,1880,718393.23,F_821821_3023405,Beverly,MA,Two-Family Residential,2,,,
826,1880,956976.74,F_821821_3023446,Beverly,MA,Apartments with Four to Eight Units,4,,,
827,1800,870930.23,F_821819_3023526,Beverly,MA,Three-Family Residential,3,,,
828,1927,881395.35,F_819500_3031809,Beverly,MA,Two-Family Residential,2,,,
829,1880,1230021.14,F_821741_3023558,Beverly,MA,Apartments with Four to Eight Units,5,,,
830,1910,853488.37,F_819509_3031728,Beverly,MA,Two-Family Residential,2,,,
831,1928,962684.99,F_821720_3023404,Beverly,MA,Two-Family Residential,2,,,
832,1976,2010253.70,F_821699_3023221,Beverly,MA,Apartments with Four to Eight Units,8,,,
833,1900,1304545.45,F_821677_3031164,Beverly,MA,Apartments with Four to Eight Units,4,,,
834,1900,775052.85,F_821679_3031114,Beverly,MA,Three-Family Residential,3,,,
835,1900,881183.93,F_821551_3031102,Beverly,MA,Two-Family Residential,2,,,
836,1900,733615.22,F_821547_3031151,Beverly,MA,Two-Family Residential,2,,,
837,1900,735729.39,F_821538_3031253,Beverly,MA,Two-Family Residential,2,,,
838,1920,736363.64,F_822104_3031258,Beverly,MA,Two-Family Residential,2,,,
839,1880,706448.20,F_822086_3031062,Beverly,MA,Two-Family Residential,2,,,
840,1925,764164.90,F_821530_3031351,Beverly,MA,Two-Family Residential,2,,,
841,1945,702114.16,F_821535_3031300,Beverly,MA,Three-Family Residential,3,,,
842,1900,758773.78,F_821526_3031415,Beverly,MA,Two-Family Residential,2,,,
843,1900,1358668.08,F_821861_3031018,Beverly,MA,Apartments with Four to Eight Units,4,,,
844,1850,896300.21,F_821214_3032014,Beverly,MA,Three-Family Residential,3,,,
845,1900,1191120.51,F_821850_3031073,Beverly,MA,Apartments with Four to Eight Units,4,,,
846,1923,744186.05,F_821830_3031168,Beverly,MA,Two-Family Residential,2,,,
847,1902,787632.14,F_820758_3023153,Beverly,MA,Two-Family Residential,2,,,
848,1900,788900.63,F_821669_3031365,Beverly,MA,Two-Family Residential,2,,,
849,1915,837737.84,F_821275_3032269,Beverly,MA,Two-Family Residential,2,,,
850,1920,730549.68,F_821454_3032306,Beverly,MA,Two-Family Residential,2,,,
851,1915,717653.28,F_821498_3032316,Beverly,MA,Two-Family Residential,2,,,
852,1900,758562.37,F_821671_3031313,Beverly,MA,Two-Family Residential,2,,,
853,1900,1200211.42,F_821482_3032178,Beverly,MA,Two-Family Residential,2,,,
854,1900,805285.41,F_821378_3032191,Beverly,MA,Two-Family Residential,2,,,
855,1900,875264.27,F_821253_3032168,Beverly,MA,Two-Family Residential,2,,,
856,1910,743234.67,F_821397_3032045,Beverly,MA,Two-Family Residential,2,,,
857,1900,1252431.29,F_821674_3031261,Beverly,MA,Apartments with Four to Eight Units,4,,,
858,1900,761205.07,F_821675_3031213,Beverly,MA,Two-Family Residential,2,,,
859,1955,751162.79,F_821824_3032509,Beverly,MA,Two-Family Residential,2,,,
860,1940,897568.71,F_824267_3032154,Beverly,MA,Two-Family Residential,2,,,
861,1960,1263636.36,F_823921_3032284,Beverly,MA,Two-Family Residential,2,,,
862,1675,702431.29,F_827800_3032072,Beverly,MA,Two-Family Residential,2,,,
863,1953,755391.12,F_820967_3023949,Beverly,MA,Two-Family Residential,2,,,
864,1920,643868.92,F_821242_3024111,Beverly,MA,Two-Family Residential,2,,,
865,1900,1360042.28,F_821536_3024259,Beverly,MA,Apartments with Four to Eight Units,6,,,
866,1920,322093.02,F_821525_3024208,Beverly,MA,Two-Family Residential,2,,,
867,1900,3108456.66,F_833219_3032406,Beverly,MA,Apartments with Four to Eight Units,6,,,
868,1900,704334.04,F_821704_3023770,Beverly,MA,Two-Family Residential,2,,,
869,1900,870295.98,F_821685_3023707,Beverly,MA,Three-Family Residential,3,,,
870,1900,797463.00,F_821734_3023703,Beverly,MA,Three-Family Residential,3,,,
871,1900,769450.32,F_821784_3023698,Beverly,MA,Three-Family Residential,3,,,
872,1900,970401.69,F_821808_3023761,Beverly,MA,Three-Family Residential,3,,,
873,1982,1056131.08,F_840509_3031748,Beverly,MA,Two-Family Residential,2,,,
874,1900,1158879.49,F_840433_3032011,Beverly,MA,Two-Family Residential,2,,,
875,1900,1099682.88,F_840391_3032090,Beverly,MA,Three-Family Residential,3,,,
876,1900,1127906.98,F_840362_3031994,Beverly,MA,Three-Family Residential,3,,,
877,1899,1064059.20,F_840005_3031500,Beverly,MA,Two-Family Residential,2,,,
878,1899,988689.22,F_840073_3031439,Beverly,MA,Two-Family Residential,2,,,
879,1902,1165961.95,F_840390_3031170,Beverly,MA,Two-Family Residential,2,,,
880,1900,1856025.37,F_840847_3031042,Beverly,MA,Apartments with Four to Eight Units,6,,,
881,1878,1229704.02,F_840808_3031150,Beverly,MA,Two-Family Residential,2,,,
882,1925,1674630.02,F_840937_3031163,Beverly,MA,Apartments with Four to Eight Units,6,,,
883,1900,1293234.67,F_840982_3031239,Beverly,MA,Three-Family Residential,3,,,
884,1900,1565856.24,F_839482_3031958,Beverly,MA,Apartments with Four to Eight Units,6,,,
885,1820,1131606.77,F_841017_3031406,Beverly,MA,Two-Family Residential,2,,,
886,1900,1568604.65,F_841125_3031519,Beverly,MA,Apartments with Four to Eight Units,4,,,
887,1900,1083192.39,F_840269_3033067,Beverly,MA,Two-Family Residential,2,,,
888,1920,998731.50,F_839545_3032732,Beverly,MA,Two-Family Residential,2,,,
889,1929,978646.93,F_839595_3032477,Beverly,MA,Two-Family Residential,2,,,
890,1929,915750.53,F_839609_3032417,Beverly,MA,Two-Family Residential,2,,,
891,1800,927061.31,F_840374_3032514,Beverly,MA,Two-Family Residential,2,,,
892,1890,1104756.87,F_840497_3032567,Beverly,MA,Two-Family Residential,2,,,
893,1800,1120084.57,F_840695_3032329,Beverly,MA,Two-Family Residential,2,,,
894,1860,854122.62,F_840972_3031971,Beverly,MA,Three-Family Residential,3,,,
895,1890,1063107.82,F_840578_3032182,Beverly,MA,Two-Family Residential,2,,,
896,1900,1164693.45,F_840483_3032126,Beverly,MA,Three-Family Residential,3,,,
897,1900,1013213.53,F_840523_3032081,Beverly,MA,Two-Family Residential,2,,,
898,1930,1103911.21,F_840599_3032014,Beverly,MA,Two-Family Residential,2,,,
899,1931,965750.53,F_840634_3031983,Beverly,MA,Two-Family Residential,2,,,
900,1900,748414.38,F_821269_3023753,Beverly,MA,Two-Family Residential,2,,,
901,1900,1056659.62,F_841039_3031797,Beverly,MA,Two-Family Residential,2,,,
902,1920,1295560.25,F_822749_3024238,Beverly,MA,Apartments with Four to Eight Units,4,,,
903,1900,763530.66,F_822661_3024324,Beverly,MA,Two-Family Residential,2,,,
904,1890,898097.25,F_822697_3024289,Beverly,MA,Three-Family Residential,3,,,
905,1910,417019.03,F_822831_3024174,Beverly,MA,Three-Family Residential,3,,,
906,1900,1221353.07,F_822910_3024100,Beverly,MA,Apartments with Four to Eight Units,5,,,
907,1930,852325.58,F_822869_3024137,Beverly,MA,Three-Family Residential,3,,,
908,1804,1418287.53,F_822931_3024246,Beverly,MA,Apartments with Four to Eight Units,6,,,
909,1900,995243.13,F_822902_3024357,Beverly,MA,Three-Family Residential,3,,,
910,1900,932558.14,F_822776_3024437,Beverly,MA,Two-Family Residential,2,,,
911,1920,1170930.23,F_822732_3024468,Beverly,MA,Apartments with Four to Eight Units,4,,,
912,1910,1037843.55,F_822670_3024501,Beverly,MA,Apartments with Four to Eight Units,4,,,
913,1900,967441.86,F_822660_3024622,Beverly,MA,Three-Family Residential,3,,,
914,1900,629704.02,F_822609_3024623,Beverly,MA,Two-Family Residential,2,,,
915,1920,977695.56,F_822647_3024671,Beverly,MA,Three-Family Residential,3,,,
916,1920,855602.54,F_822550_3024616,Beverly,MA,Two-Family Residential,2,,,
917,1920,759513.74,F_822448_3024648,Beverly,MA,Two-Family Residential,2,,,
918,1910,1933086.68,F_822537_3024777,Beverly,MA,Apartments with Four to Eight Units,6,,,
919,1910,1636152.22,F_822896_3024515,Beverly,MA,Apartments with Four to Eight Units,8,,,
920,1986,1724947.15,F_822992_3024571,Beverly,MA,Apartments with Four to Eight Units,6,,,
921,1797,1618287.53,F_823113_3024560,Beverly,MA,Apartments with Four to Eight Units,7,,,
922,2003,1000105.71,F_822984_3024714,Beverly,MA,Three-Family Residential,3,,,
923,1910,1586575.05,F_822924_3024735,Beverly,MA,Apartments with Four to Eight Units,6,,,
924,1860,934778.01,F_822864_3024745,Beverly,MA,Three-Family Residential,3,,,
925,1900,975898.52,F_822900_3024664,Beverly,MA,Three-Family Residential,3,,,
926,2016,1207716.70,F_822943_3024637,Beverly,MA,Three-Family Residential,3,,,
927,1900,870084.57,F_822375_3024952,Beverly,MA,Three-Family Residential,3,,,
928,1905,1354968.29,F_822442_3024954,Beverly,MA,Apartments with Four to Eight Units,5,,,
929,1900,1343340.38,F_822579_3024957,Beverly,MA,Apartments with Four to Eight Units,4,,,
930,1900,2023467.23,F_822788_3024904,Beverly,MA,Apartments with Four to Eight Units,8,,,
931,1900,665010.57,F_822868_3024858,Beverly,MA,Three-Family Residential,3,,,
932,1780,773784.36,F_822974_3024837,Beverly,MA,Three-Family Residential,3,,,
933,1900,1319556.03,F_822220_3023652,Beverly,MA,Apartments with Four to Eight Units,4,,,
934,1917,915750.53,F_822973_3024897,Beverly,MA,Two-Family Residential,2,,,
935,1900,845771.67,F_822895_3024911,Beverly,MA,Two-Family Residential,2,,,
936,1845,773995.77,F_822878_3025021,Beverly,MA,Two-Family Residential,2,,,
937,1900,1063213.53,F_822934_3024981,Beverly,MA,Apartments with Four to Eight Units,4,,,
938,1900,1620507.40,F_822951_3025026,Beverly,MA,Apartments with Four to Eight Units,6,,,
939,1773,812473.57,F_823104_3024971,Beverly,MA,Two-Family Residential,2,,,
940,1900,1252008.46,F_823240_3024943,Beverly,MA,Apartments with Four to Eight Units,4,,,
941,1900,786257.93,F_823086_3024868,Beverly,MA,Three-Family Residential,3,,,
942,1900,969556.03,F_823078_3024803,Beverly,MA,Three-Family Residential,3,,,
943,1772,615116.28,F_823138_3024785,Beverly,MA,Two-Family Residential,2,,,
944,1880,1311839.32,F_823172_3024739,Beverly,MA,Apartments with Four to Eight Units,6,,,
945,1900,1041860.47,F_822095_3023908,Beverly,MA,Apartments with Four to Eight Units,5,,,
946,1900,897251.59,F_823255_3025028,Beverly,MA,Two-Family Residential,2,,,
947,1920,1366596.19,F_822858_3025117,Beverly,MA,Apartments with Four to Eight Units,4,,,
948,1900,1700422.83,F_822770_3025104,Beverly,MA,Apartments with Four to Eight Units,6,,,
949,1920,1347780.13,F_822681_3025088,Beverly,MA,Apartments with Four to Eight Units,6,,,
950,1900,1487632.14,F_822537_3025071,Beverly,MA,Apartments with Four to Eight Units,8,,,
951,1920,1425158.56,F_822469_3025065,Beverly,MA,Apartments with Four to Eight Units,4,,,
952,1894,1180655.39,F_824481_3024851,Beverly,MA,Two-Family Residential,2,,,
953,1900,997885.84,F_824501_3024919,Beverly,MA,Two-Family Residential,2,,,
954,1900,1610887.95,F_824570_3024950,Beverly,MA,Apartments with Four to Eight Units,5,,,
955,1900,1147357.29,F_824530_3024998,Beverly,MA,Three-Family Residential,3,,,
956,1846,1244820.30,F_823933_3024966,Beverly,MA,Three-Family Residential,3,,,
957,1865,965327.70,F_824061_3024977,Beverly,MA,Two-Family Residential,2,,,
958,1900,1495348.84,F_824172_3024939,Beverly,MA,Apartments with Four to Eight Units,5,,,
959,1900,1322304.44,F_824089_3024843,Beverly,MA,Apartments with Four to Eight Units,4,,,
960,1900,1155074.00,F_824143_3024798,Beverly,MA,Two-Family Residential,2,,,
961,1963,824418.60,F_824280_3024634,Beverly,MA,Two-Family Residential,2,,,
962,1920,1058773.78,F_824395_3024764,Beverly,MA,Two-Family Residential,2,,,
963,1879,1151479.92,F_824326_3024799,Beverly,MA,Two-Family Residential,2,,,
964,1848,1097780.13,F_824224_3024892,Beverly,MA,Two-Family Residential,2,,,
965,1900,1390274.84,F_823960_3024514,Beverly,MA,Apartments with Four to Eight Units,5,,,
966,1900,965327.70,F_824139_3024506,Beverly,MA,Two-Family Residential,2,,,
967,1900,1172938.69,F_824132_3024585,Beverly,MA,Three-Family Residential,3,,,
968,1900,1493023.26,F_823896_3024781,Beverly,MA,Apartments with Four to Eight Units,4,,,
969,1845,1566913.32,F_823856_3024815,Beverly,MA,Apartments with Four to Eight Units,7,,,
970,1985,939006.34,F_822383_3023679,Beverly,MA,Three-Family Residential,3,,,
971,1900,1525792.81,F_823799_3024677,Beverly,MA,Apartments with Four to Eight Units,6,,,
972,1890,1396405.92,F_823861_3024359,Beverly,MA,Apartments with Four to Eight Units,5,,,
973,1870,1641437.63,F_823802_3024416,Beverly,MA,Apartments with Four to Eight Units,8,,,
974,1985,745454.55,F_823667_3024379,Beverly,MA,Two-Family Residential,2,,,
975,1900,1551902.75,F_822424_3023731,Beverly,MA,Apartments with Four to Eight Units,5,,,
976,1838,1315856.24,F_823649_3024557,Beverly,MA,Three-Family Residential,3,,,
977,1840,1107399.58,F_823512_3024654,Beverly,MA,Three-Family Residential,3,,,
978,1840,1310993.66,F_823534_3024501,Beverly,MA,Apartments with Four to Eight Units,6,,,
979,1780,1348097.25,F_823623_3024439,Beverly,MA,Apartments with Four to Eight Units,6,,,
980,1870,1356025.37,F_823459_3024414,Beverly,MA,Apartments with Four to Eight Units,4,,,
981,1975,1753699.79,F_823538_3024354,Beverly,MA,Apartments with Four to Eight Units,8,,,
982,1900,1175369.98,F_822543_3023807,Beverly,MA,Apartments with Four to Eight Units,6,,,
983,1800,1324101.48,F_823669_3024255,Beverly,MA,Apartments with Four to Eight Units,4,,,
984,1801,915961.95,F_823729_3024221,Beverly,MA,Two-Family Residential,2,,,
985,1910,1277589.85,F_823776_3024178,Beverly,MA,Apartments with Four to Eight Units,7,,,
986,1911,1179492.60,F_823826_3024239,Beverly,MA,Two-Family Residential,2,,,
987,1890,959619.45,F_823689_3024101,Beverly,MA,Two-Family Residential,2,,,
988,1890,1621458.77,F_823641_3024137,Beverly,MA,Apartments with Four to Eight Units,6,,,
989,1905,922621.56,F_823593_3024175,Beverly,MA,Three-Family Residential,3,,,
990,1965,858456.66,F_823560_3024123,Beverly,MA,Two-Family Residential,2,,,
991,1900,828224.10,F_823485_3024051,Beverly,MA,Two-Family Residential,2,,,
992,1900,1251268.50,F_822590_3023839,Beverly,MA,Apartments with Four to Eight Units,8,,,
993,1890,738160.68,F_823423_3024032,Beverly,MA,Two-Family Residential,2,,,
994,1890,1296617.34,F_823354_3023925,Beverly,MA,Apartments with Four to Eight Units,5,,,
995,1890,966067.65,F_823523_3023990,Beverly,MA,Three-Family Residential,3,,,
996,1900,1000422.83,F_823533_3024221,Beverly,MA,Three-Family Residential,3,,,
997,1920,717019.03,F_823461_3024215,Beverly,MA,Two-Family Residential,2,,,
998,1920,1388900.63,F_823417_3024310,Beverly,MA,Apartments with Four to Eight Units,4,,,
999,1840,820295.98,F_823455_3024281,Beverly,MA,Three-Family Residential,3,,,
1000,1790,1897040.17,F_823344_3024309,Beverly,MA,Apartments with Four to Eight Units,6,,,
1001,1840,1232452.43,F_823282_3024403,Beverly,MA,Apartments with Four to Eight Units,4,,,
1002,1780,832769.56,F_823241_3024298,Beverly,MA,Two-Family Residential,2,,,
1003,1880,1626004.23,F_823078_3024141,Beverly,MA,Apartments with Four to Eight Units,6,,,
1004,1900,607505.29,F_823156_3024103,Beverly,MA,Two-Family Residential,2,,,
1005,1870,909302.33,F_823229_3024106,Beverly,MA,Three-Family Residential,3,,,
1006,1870,674947.15,F_823216_3024148,Beverly,MA,Two-Family Residential,2,,,
1007,1900,731078.22,F_823242_3024065,Beverly,MA,Two-Family Residential,2,,,
1008,1870,788054.97,F_823275_3024035,Beverly,MA,Two-Family Residential,2,,,
1009,1986,2337843.55,F_823380_3024139,Beverly,MA,Apartments with Four to Eight Units,7,,,
1010,1880,877272.73,F_823260_3023889,Beverly,MA,Two-Family Residential,2,,,
1011,1788,872515.86,F_823215_3023942,Beverly,MA,Two-Family Residential,2,,,
1012,1900,1674207.19,F_822080_3023392,Beverly,MA,Apartments with Four to Eight Units,7,,,
1013,1900,802959.83,F_822484_3023885,Beverly,MA,Two-Family Residential,2,,,
1014,1890,885306.55,F_823176_3023982,Beverly,MA,Two-Family Residential,2,,,
1015,1880,1555813.95,F_823088_3024024,Beverly,MA,Apartments with Four to Eight Units,6,,,
1016,1880,944186.05,F_823107_3023977,Beverly,MA,Three-Family Residential,3,,,
1017,1800,793868.92,F_823117_3023925,Beverly,MA,Two-Family Residential,2,,,
1018,1750,1224524.31,F_823109_3023868,Beverly,MA,Apartments with Four to Eight Units,5,,,
1019,1880,938794.93,F_823205_3023883,Beverly,MA,Three-Family Residential,3,,,
1020,1900,793340.38,F_822440_3023901,Beverly,MA,Two-Family Residential,2,,,
1021,1925,858139.53,F_818191_3034915,Beverly,MA,Two-Family Residential,2,,,
1022,1900,993128.96,F_823296_3023697,Beverly,MA,Three-Family Residential,3,,,
1023,1929,734143.76,F_819223_3034472,Beverly,MA,Two-Family Residential,2,,,
1024,1900,1083403.81,F_823313_3023776,Beverly,MA,Two-Family Residential,2,,,
1025,1910,1294186.05,F_819295_3034722,Beverly,MA,Apartments with Four to Eight Units,4,,,
1026,1805,785835.10,F_819506_3034361,Beverly,MA,Two-Family Residential,2,,,
1027,1930,946088.79,F_819536_3034292,Beverly,MA,Three-Family Residential,3,,,
1028,1839,655074.00,F_819600_3034402,Beverly,MA,Apartments with Four to Eight Units,4,,,
1029,1910,1145031.71,F_819613_3034510,Beverly,MA,Apartments with Four to Eight Units,4,,,
1030,1909,1281712.47,F_819309_3034343,Beverly,MA,Apartments with Four to Eight Units,6,,,
1031,1900,864693.45,F_819455_3034109,Beverly,MA,Three-Family Residential,4,,,
1032,1969,2579704.02,F_819351_3034247,Beverly,MA,Apartments with Four to Eight Units,8,,,
1033,1920,799682.88,F_818739_3034206,Beverly,MA,Two-Family Residential,2,,,
1034,1900,932452.43,F_822387_3023919,Beverly,MA,Three-Family Residential,3,,,
1035,1880,1022093.02,F_822780_3023679,Beverly,MA,Three-Family Residential,3,,,
1036,1930,784038.05,F_819778_3033630,Beverly,MA,Two-Family Residential,2,,,
1037,1920,1224630.02,F_819696_3033773,Beverly,MA,Apartments with Four to Eight Units,4,,,
1038,1920,770401.69,F_819607_3033704,Beverly,MA,Two-Family Residential,2,,,
1039,1880,675264.27,F_822896_3023593,Beverly,MA,Two-Family Residential,2,,,
1040,1880,1338477.80,F_822978_3023550,Beverly,MA,Apartments with Four to Eight Units,5,,,
1041,1880,1452431.29,F_822956_3023632,Beverly,MA,Apartments with Four to Eight Units,5,,,
1042,1800,1421035.94,F_822981_3023705,Beverly,MA,Apartments with Four to Eight Units,4,,,
1043,1880,827061.31,F_823005_3023920,Beverly,MA,Three-Family Residential,3,,,
1044,1780,918816.07,F_822264_3023949,Beverly,MA,Two-Family Residential,2,,,
1045,1820,1380021.14,F_822462_3023524,Beverly,MA,Apartments with Four to Eight Units,4,,,
1046,1880,969450.32,F_822598_3023446,Beverly,MA,Two-Family Residential,2,,,
1047,1910,956131.08,F_822813_3023370,Beverly,MA,Two-Family Residential,2,,,
1048,1911,863107.82,F_822860_3023356,Beverly,MA,Two-Family Residential,2,,,
1049,1780,1974207.19,F_822921_3023335,Beverly,MA,Apartments with Four to Eight Units,7,,,
1050,1900,839640.59,F_822216_3023969,Beverly,MA,Two-Family Residential,2,,,
1051,1870,1561205.07,F_822942_3023464,Beverly,MA,Apartments with Four to Eight Units,7,,,
1052,1776,500739.96,F_822720_3023525,Beverly,MA,Three-Family Residential,3,,,
1053,1880,1066807.61,F_822680_3023556,Beverly,MA,Three-Family Residential,3,,,
1054,1900,880549.68,F_823193_3023558,Beverly,MA,Two-Family Residential,2,,,
1055,1900,1004545.45,F_822172_3023989,Beverly,MA,Three-Family Residential,3,,,
1056,1900,846828.75,F_823247_3023549,Beverly,MA,Two-Family Residential,2,,,
1057,1900,836575.05,F_823263_3023608,Beverly,MA,Two-Family Residential,2,,,
1058,1850,1201374.21,F_823141_3023632,Beverly,MA,Three-Family Residential,3,,,
1059,1900,1109196.62,F_823117_3023572,Beverly,MA,Three-Family Residential,3,,,
1060,1900,1288477.80,F_823329_3023541,Beverly,MA,Apartments with Four to Eight Units,4,,,
1061,1900,751797.04,F_823279_3023469,Beverly,MA,Two-Family Residential,2,,,
1062,1900,960042.28,F_822133_3024008,Beverly,MA,Three-Family Residential,3,,,
1063,1900,785940.80,F_823081_3023504,Beverly,MA,Two-Family Residential,2,,,
1064,1800,1417124.74,F_823093_3023431,Beverly,MA,Apartments with Four to Eight Units,4,,,
1065,1969,1161310.78,F_823246_3023412,Beverly,MA,Apartments with Four to Eight Units,4,,,
1066,1839,935200.85,F_823072_3023355,Beverly,MA,Two-Family Residential,2,,,
1067,1900,809408.03,F_823252_3023253,Beverly,MA,Three-Family Residential,3,,,
1068,1900,1210253.70,F_823717_3023261,Beverly,MA,Two-Family Residential,2,,,
1069,1920,1703594.08,F_823925_3023452,Beverly,MA,Three-Family Residential,3,,,
1070,1900,930443.97,F_823852_3023485,Beverly,MA,Two-Family Residential,2,,,
1071,1890,1634883.72,F_824018_3023638,Beverly,MA,Three-Family Residential,3,,,
1072,1860,2142811.84,F_824137_3023742,Beverly,MA,Two-Family Residential,2,,,
1073,1890,1052325.58,F_824062_3023797,Beverly,MA,Three-Family Residential,3,,,
1074,1910,1014693.45,F_823991_3023802,Beverly,MA,Three-Family Residential,3,,,
1075,1890,1567547.57,F_823949_3023835,Beverly,MA,Apartments with Four to Eight Units,4,,,
1076,1900,668604.65,F_822084_3023358,Beverly,MA,Two-Family Residential,2,,,
1077,1900,835200.85,F_822141_3023444,Beverly,MA,Two-Family Residential,2,,,
1078,1890,1589534.88,F_823890_3023878,Beverly,MA,Apartments with Four to Eight Units,6,,,
1079,1890,1245560.25,F_823774_3024005,Beverly,MA,Apartments with Four to Eight Units,5,,,
1080,1890,2221458.77,F_823723_3023912,Beverly,MA,Apartments with Four to Eight Units,6,,,
1081,1890,1057188.16,F_823638_3023918,Beverly,MA,Two-Family Residential,2,,,
1082,1880,893128.96,F_819836_3034605,Beverly,MA,Three-Family Residential,3,,,
1083,1840,893974.63,F_820183_3033409,Beverly,MA,Two-Family Residential,2,,,
1084,1930,1163424.95,F_820285_3033315,Beverly,MA,Apartments with Four to Eight Units,4,,,
1085,1900,985200.85,F_823939_3024054,Beverly,MA,Two-Family Residential,2,,,
1086,1900,1515221.99,F_824104_3023966,Beverly,MA,Apartments with Four to Eight Units,5,,,
1087,1900,2191437.63,F_824223_3023841,Beverly,MA,Apartments with Four to Eight Units,8,,,
1088,1900,1006448.20,F_824270_3024029,Beverly,MA,Three-Family Residential,3,,,
1089,1869,1242811.84,F_824215_3024075,Beverly,MA,Three-Family Residential,3,,,
1090,1900,1431606.77,F_824058_3024220,Beverly,MA,Apartments with Four to Eight Units,7,,,
1091,1900,1114164.90,F_824159_3024322,Beverly,MA,Two-Family Residential,2,,,
1092,1900,1232663.85,F_824500_3024238,Beverly,MA,Two-Family Residential,2,,,
1093,1900,1067970.40,F_824499_3024320,Beverly,MA,Three-Family Residential,3,,,
1094,1900,1154545.45,F_824438_3024338,Beverly,MA,Two-Family Residential,2,,,
1095,1900,1099260.04,F_824383_3024384,Beverly,MA,Three-Family Residential,3,,,
1096,1900,1017124.74,F_824229_3024398,Beverly,MA,Three-Family Residential,3,,,
1097,1923,1026744.19,F_824198_3024364,Beverly,MA,Two-Family Residential,2,,,
1098,1920,1193551.80,F_824368_3024560,Beverly,MA,Three-Family Residential,3,,,
1099,1920,1118710.36,F_824409_3024526,Beverly,MA,Three-Family Residential,3,,,
1100,1890,1027484.14,F_824468_3024527,Beverly,MA,Three-Family Residential,3,,,
1101,1920,1212790.70,F_824509_3024492,Beverly,MA,Two-Family Residential,2,,,
1102,1898,1100634.25,F_824571_3024441,Beverly,MA,Two-Family Residential,2,,,
1103,1927,1078646.93,F_824520_3024650,Beverly,MA,Two-Family Residential,2,,,
1104,1900,995665.96,F_824481_3024688,Beverly,MA,Two-Family Residential,2,,,
1105,1920,984038.05,F_824459_3024630,Beverly,MA,Two-Family Residential,2,,,
1106,1910,1109936.58,F_820626_3034914,Beverly,MA,Apartments with Four to Eight Units,5,,,
1107,1918,1465221.99,F_822269_3024090,Beverly,MA,Apartments with Four to Eight Units,4,,,
1108,1910,1016490.49,F_822333_3024107,Beverly,MA,Three-Family Residential,3,,,
1109,1900,1448942.92,F_822647_3023918,Beverly,MA,Apartments with Four to Eight Units,7,,,
1110,1900,920507.40,F_822746_3023986,Beverly,MA,Two-Family Residential,2,,,
1111,1900,953382.66,F_822797_3024013,Beverly,MA,Three-Family Residential,3,,,
1112,1900,773784.36,F_822068_3023515,Beverly,MA,Two-Family Residential,2,,,
1113,1900,852114.16,F_822768_3024078,Beverly,MA,Two-Family Residential,2,,,
1114,1900,814587.74,F_822730_3024112,Beverly,MA,Two-Family Residential,2,,,
1115,1925,862896.41,F_822551_3024273,Beverly,MA,Two-Family Residential,2,,,
1116,1900,816913.32,F_822017_3023512,Beverly,MA,Two-Family Residential,2,,,
1117,1900,776638.48,F_822428_3024382,Beverly,MA,Two-Family Residential,2,,,
1118,1900,859936.58,F_822377_3024427,Beverly,MA,Two-Family Residential,2,,,
1119,1900,834460.89,F_822268_3024511,Beverly,MA,Three-Family Residential,3,,,
1120,1900,792283.30,F_822185_3024563,Beverly,MA,Three-Family Residential,3,,,
1121,1900,829809.73,F_828762_3033261,Beverly,MA,Two-Family Residential,2,,,
1122,1875,799048.63,F_822147_3024570,Beverly,MA,Two-Family Residential,2,,,
1123,1903,861205.07,F_828821_3033355,Beverly,MA,Two-Family Residential,2,,,
1124,1900,2150951.37,F_822089_3024581,Beverly,MA,Apartments with Four to Eight Units,8,,,
1125,1900,1121353.07,F_821960_3023532,Beverly,MA,Apartments with Four to Eight Units,4,,,
1126,2019,1289534.88,F_822284_3024678,Beverly,MA,Apartments with Four to Eight Units,6,,,
1127,1910,1193234.67,F_822324_3024817,Beverly,MA,Apartments with Four to Eight Units,4,,,
1128,1912,824418.60,F_822412_3024811,Beverly,MA,Two-Family Residential,2,,,
1129,1910,688583.51,F_822392_3024713,Beverly,MA,Two-Family Residential,2,,,
1130,1900,1367336.15,F_822406_3024584,Beverly,MA,Apartments with Four to Eight Units,7,,,
1131,1865,942811.84,F_822490_3024513,Beverly,MA,Three-Family Residential,3,,,
1132,1900,890697.67,F_822610_3024387,Beverly,MA,Two-Family Residential,2,,,
1133,1900,1357716.70,F_822734_3024374,Beverly,MA,Apartments with Four to Eight Units,6,,,
1134,1905,1779809.73,F_822777_3024339,Beverly,MA,Apartments with Four to Eight Units,6,,,
1135,1910,825475.69,F_822815_3024303,Beverly,MA,Two-Family Residential,2,,,
1136,1900,869450.32,F_824715_3024790,Beverly,MA,Two-Family Residential,2,,,
1137,1880,927484.14,F_824675_3024831,Beverly,MA,Two-Family Residential,2,,,
1138,1880,1558879.49,F_824639_3024868,Beverly,MA,Apartments with Four to Eight Units,4,,,
1139,1910,1331606.77,F_824733_3024940,Beverly,MA,Apartments with Four to Eight Units,4,,,
1140,1918,1388794.93,F_824859_3024853,Beverly,MA,Apartments with Four to Eight Units,5,,,
1141,1900,1199682.88,F_825029_3024811,Beverly,MA,Three-Family Residential,3,,,
1142,1880,988372.09,F_824944_3024905,Beverly,MA,Two-Family Residential,2,,,
1143,1920,1052114.16,F_824911_3024943,Beverly,MA,Two-Family Residential,2,,,
1144,1911,977061.31,F_824878_3024981,Beverly,MA,Two-Family Residential,2,,,
1145,1900,951902.75,F_840488_3033306,Beverly,MA,Two-Family Residential,2,,,
1146,1911,1214270.61,F_825018_3025026,Beverly,MA,Two-Family Residential,2,,,
1147,1910,1216701.90,F_825129_3024894,Beverly,MA,Two-Family Residential,2,,,
1148,1900,894291.75,F_824666_3024518,Beverly,MA,Two-Family Residential,2,,,
1149,1910,1079492.60,F_824624_3024741,Beverly,MA,Three-Family Residential,3,,,
1150,1781,947040.17,F_817810_3035102,Beverly,MA,Three-Family Residential,3,,,
1151,1800,1097885.84,F_818395_3035808,Beverly,MA,Two-Family Residential,2,,,
1152,1870,918921.78,F_818179_3036516,Beverly,MA,Two-Family Residential,2,,,
1153,1760,1048414.38,F_819302_3036196,Beverly,MA,Two-Family Residential,2,,,
1154,1880,848837.21,F_819186_3035550,Beverly,MA,Two-Family Residential,2,,,
1155,1924,898731.50,F_819523_3035861,Beverly,MA,Two-Family Residential,2,,,
1156,1880,797463.00,F_819996_3035931,Beverly,MA,Two-Family Residential,2,,,
1157,1910,806765.33,F_819788_3035826,Beverly,MA,Two-Family Residential,2,,,
1158,1920,645983.09,F_820990_3036641,Beverly,MA,Two-Family Residential,2,,,
1159,1900,1014376.32,F_823142_3035815,Beverly,MA,Two-Family Residential,2,,,
1160,1987,1114904.86,F_823870_3035823,Beverly,MA,Two-Family Residential,2,,,
1161,2007,1584355.18,F_824874_3024633,Beverly,MA,Two-Family Residential,2,,,
1162,1835,935940.80,F_831295_3035790,Beverly,MA,Two-Family Residential,2,,,
1163,1900,1240169.13,F_831399_3036048,Beverly,MA,Apartments with Four to Eight Units,5,,,
1164,1890,777167.02,F_832468_3037067,Beverly,MA,Two-Family Residential,2,,,
1165,1830,1544080.34,F_839758_3035994,Beverly,MA,Two-Family Residential,2,,,
1166,1890,1025898.52,F_816466_3038456,Beverly,MA,Two-Family Residential,2,,,
1167,1900,802114.16,F_816249_3038487,Beverly,MA,Two-Family Residential,2,,,
1168,1900,846723.04,F_821738_3038400,Beverly,MA,Two-Family Residential,2,,,
1169,1930,1400528.54,F_821791_3038499,Beverly,MA,Apartments with Four to Eight Units,5,,,
1170,1885,1402325.58,F_821613_3038655,Beverly,MA,Apartments with Four to Eight Units,5,,,
1171,1920,1119873.15,F_821533_3037137,Beverly,MA,Three-Family Residential,3,,,
1172,1905,901162.79,F_821449_3037818,Beverly,MA,Three-Family Residential,3,,,
1173,1935,747251.59,F_815881_3026216,Beverly,MA,Two-Family Residential,2,,,
1174,1889,742389.01,F_815952_3026460,Beverly,MA,Two-Family Residential,2,,,
1175,1905,776109.94,F_822123_3037333,Beverly,MA,Two-Family Residential,2,,,
1176,1905,759196.62,F_822127_3037563,Beverly,MA,Two-Family Residential,2,,,
1177,1945,984778.01,F_822736_3037791,Beverly,MA,Two-Family Residential,2,,,
1178,1870,1117019.03,F_822268_3038379,Beverly,MA,Two-Family Residential,2,,,
1179,1890,844186.05,F_822284_3038468,Beverly,MA,Two-Family Residential,2,,,
1180,1930,863742.07,F_816583_3025503,Beverly,MA,Two-Family Residential,2,,,
1181,1920,1278752.64,F_815790_3025502,Beverly,MA,Two-Family Residential,2,,,
1182,1915,1515856.24,F_816023_3025231,Beverly,MA,Two-Family Residential,2,,,
1183,1830,815116.28,F_816577_3039503,Beverly,MA,Two-Family Residential,2,,,
1184,1930,744926.00,F_818641_3026407,Beverly,MA,Two-Family Residential,2,,,
1185,1910,765327.70,F_818591_3026493,Beverly,MA,Two-Family Residential,2,,,
1186,1920,772198.73,F_818988_3026408,Beverly,MA,Two-Family Residential,2,,,
1187,1910,854016.91,F_819482_3026232,Beverly,MA,Three-Family Residential,3,,,
1188,1930,797780.13,F_819072_3026703,Beverly,MA,Two-Family Residential,2,,,
1189,1910,805074.00,F_818490_3026304,Beverly,MA,Two-Family Residential,2,,,
1190,1920,807399.58,F_818430_3026301,Beverly,MA,Two-Family Residential,2,,,
1191,1910,841437.63,F_818334_3026173,Beverly,MA,Three-Family Residential,3,,,
1192,1911,816596.19,F_817915_3026278,Beverly,MA,Two-Family Residential,2,,,
1193,1900,894397.46,F_817764_3026301,Beverly,MA,Two-Family Residential,2,,,
1194,1920,747357.29,F_817839_3026432,Beverly,MA,Three-Family Residential,3,,,
1195,1925,684355.18,F_817860_3026477,Beverly,MA,Two-Family Residential,2,,,
1196,1930,877589.85,F_821649_3038971,Beverly,MA,Two-Family Residential,2,,,
1197,1950,700317.12,F_817771_3026539,Beverly,MA,Two-Family Residential,2,,,
1198,1920,872198.73,F_821607_3040526,Beverly,MA,Three-Family Residential,3,,,
1199,1870,843763.21,F_821608_3040450,Beverly,MA,Two-Family Residential,2,,,
1200,1880,762579.28,F_821751_3040402,Beverly,MA,Two-Family Residential,2,,,
1201,1915,783932.35,F_819091_3025813,Beverly,MA,Two-Family Residential,2,,,
1202,1940,686152.22,F_819162_3025900,Beverly,MA,Two-Family Residential,2,,,
1203,1915,870295.98,F_819222_3026074,Beverly,MA,Two-Family Residential,2,,,
1204,1880,820401.69,F_819172_3026083,Beverly,MA,Two-Family Residential,2,,,
1205,1929,786469.34,F_818600_3025678,Beverly,MA,Two-Family Residential,2,,,
1206,1920,712790.70,F_818398_3026047,Beverly,MA,Two-Family Residential,2,,,
1207,1940,822304.44,F_818412_3026093,Beverly,MA,Two-Family Residential,2,,,
1208,1940,717970.40,F_818428_3026141,Beverly,MA,Two-Family Residential,2,,,
1209,1920,695877.38,F_818640_3026252,Beverly,MA,Two-Family Residential,2,,,
1210,1935,760993.66,F_818590_3026188,Beverly,MA,Two-Family Residential,2,,,
1211,1915,755708.25,F_818574_3026133,Beverly,MA,Two-Family Residential,2,,,
1212,1915,731712.47,F_818547_3026047,Beverly,MA,Two-Family Residential,2,,,
1213,1920,767441.86,F_818531_3025999,Beverly,MA,Two-Family Residential,2,,,
1214,1933,753911.21,F_818564_3025938,Beverly,MA,Two-Family Residential,2,,,
1215,1910,780232.56,F_818742_3025888,Beverly,MA,Two-Family Residential,2,,,
1216,1935,739323.47,F_818806_3025921,Beverly,MA,Two-Family Residential,2,,,
1217,1935,721564.48,F_818834_3026191,Beverly,MA,Two-Family Residential,2,,,
1218,1994,884883.72,F_818769_3026211,Beverly,MA,Two-Family Residential,2,,,
1219,1994,892494.71,F_818697_3026233,Beverly,MA,Two-Family Residential,2,,,
1220,1900,868498.94,F_819191_3025702,Beverly,MA,Two-Family Residential,2,,,
1221,1977,1055179.70,F_823504_3040364,Beverly,MA,Two-Family Residential,2,,,
1222,1928,821670.19,F_819079_3025601,Beverly,MA,Two-Family Residential,2,,,
1223,1900,825898.52,F_819404_3025843,Beverly,MA,Three-Family Residential,3,,,
1224,1910,823890.06,F_819448_3025612,Beverly,MA,Two-Family Residential,2,,,
1225,1900,779704.02,F_819354_3025527,Beverly,MA,Two-Family Residential,2,,,
1226,1900,959302.33,F_819455_3025456,Beverly,MA,Two-Family Residential,2,,,
1227,1938,1246934.46,F_824592_3039462,Beverly,MA,Two-Family Residential,2,,,
1228,1850,976004.23,F_825654_3040129,Beverly,MA,Two-Family Residential,2,,,
1229,1920,1324735.73,F_817665_3026575,Beverly,MA,Apartments with Four to Eight Units,6,,,
1230,1906,908773.78,F_817486_3026820,Beverly,MA,Two-Family Residential,2,,,
1231,1958,757082.45,F_835604_3039636,Beverly,MA,Two-Family Residential,2,,,
1232,1905,738900.63,F_817980_3026792,Beverly,MA,Three-Family Residential,3,,,
1233,1930,713319.24,F_817934_3026713,Beverly,MA,Two-Family Residential,3,,,
1234,1900,824524.31,F_817907_3026642,Beverly,MA,Three-Family Residential,3,,,
1235,1960,956553.91,F_835409_3039813,Beverly,MA,Two-Family Residential,2,,,
